track_id,song_id,artist_id,artist_name,song_title,genre,top1_genre_dot,top2_genre_dot,top3_genre_dot
TRVYEUW128F148C08D,SOFCCWD12AF72A6BC0,ARXPPEY1187FB51DF4,Michael Jackson,All The Things You Are,blues,r&b/soul,hip hop,electronic
TRCXKPC128F92FD04C,SOEFNXT12AB017E829,ARZENOX1187B98A645,John Mayer,Vultures,blues,hip hop,r&b/soul,r&b/soul
TRMMALW128F92FD049,SOVUCRS12A58A7D207,ARZENOX1187B98A645,John Mayer,Out Of My Mind,blues,r&b/soul,hip hop,hip hop
TRJWAJC128F9327C4F,SORMDVX12AB01816AA,ARLMXEA1187B9A7D04,R. Kelly,Hump Bounce,blues,r&b/soul,hip hop,r&b/soul
TRPEBTH128F9327C4D,SOYTJAC12AF729F49D,ARLMXEA1187B9A7D04,R. Kelly,Intro - The Sermon,blues,r&b/soul,hip hop,hip hop
TRNWHUD128F932E304,SOXUKQZ12AB01860EE,ARXPPEY1187FB51DF4,Michael Jackson,Call On Me,blues,r&b/soul,hip hop,hip hop
TRFGGSX128F427A723,SOIBZAN12D02191BAF,ARS8GNX1187B9B5141,The Black Keys,Oceans and Streams,blues,r&b/soul,hip hop,hip hop
TRPTCMZ128F9340B09,SOLKOOO12AB018794A,ARS8GNX1187B9B5141,The Black Keys,10 A.M. Automatic,blues,r&b/soul,hip hop,pop
TRVKLGW12903CB4523,SOZCSPA12AB0185672,ARS8GNX1187B9B5141,The Black Keys,Aeroplane Blues,blues,r&b/soul,hip hop,r&b/soul
TRFBNZN128F9340B0E,SONGYFE12AB018562D,ARS8GNX1187B9B5141,The Black Keys,All Hands Against His Own,blues,r&b/soul,hip hop,pop
TRBYDKJ12903CA9D33,SOTXSMC12AB0182217,ARS8GNX1187B9B5141,The Black Keys,Black Door,blues,r&b/soul,r&b/soul,r&b/soul
TRWJKJK128F9338FEF,SOIFDQD12AB01822F5,ARS8GNX1187B9B5141,The Black Keys,Busted,blues,r&b/soul,hip hop,r&b/soul
TRUULBP12903CA9D23,SORMOIW12AB01887F0,ARS8GNX1187B9B5141,The Black Keys,Give Your Heart Away,blues,r&b/soul,pop,hip hop
TRYYJHJ128F9340B19,SOKGVJH12A58A77920,ARS8GNX1187B9B5141,The Black Keys,Grown So Ugly,blues,r&b/soul,hip hop,hip hop
TRHHJCL12903CB44B7,SOFRWHG12A58A7DF46,ARS8GNX1187B9B5141,The Black Keys,Hard Row,blues,r&b/soul,hip hop,pop
TRWZXDS128F427A71B,SOAJJDS12A8C13A3FB,ARS8GNX1187B9B5141,The Black Keys,I Got Mine,blues,r&b/soul,hip hop,r&b/soul
TRZDLWE12903CB44DE,SOURIRH12A58A7B408,ARS8GNX1187B9B5141,The Black Keys,If You See Me,blues,hip hop,r&b/soul,r&b/soul
TRNZQVO128F427A71E,SOIQUSV12A8C13A402,ARS8GNX1187B9B5141,The Black Keys,Lies,blues,r&b/soul,hip hop,hip hop
TRAECHJ12903CC36DA,SOCQQSU12AB0185BF4,ARS8GNX1187B9B5141,The Black Keys,Next Girl,blues,hip hop,electronic,hip hop
TRRVSIN128F9338FD5,SOSICNK12AB01876BB,ARS8GNX1187B9B5141,The Black Keys,No Fun,blues,latin,pop,blues
TRYMMVG128F9340B1B,SOHKBXW12AB0185660,ARS8GNX1187B9B5141,The Black Keys,Stack Shot Billy,blues,r&b/soul,hip hop,hip hop
TRKSEEY12903CCD312,SOTEPSZ12AB018C99D,ARS8GNX1187B9B5141,The Black Keys,Ten Cent Pistol,blues,pop,hip hop,r&b/soul
TRFOGQC12903CA9D2E,SOTDIMP12AB01821E8,ARS8GNX1187B9B5141,The Black Keys,The Flame,blues,r&b/soul,hip hop,hip hop
TREVCQU12903CCD318,SOGECRB12AB018C9AB,ARS8GNX1187B9B5141,The Black Keys,These Days,blues,r&b/soul,hip hop,r&b/soul
TRFLJNE12903CB44F1,SOBJBEU12AF729D526,ARS8GNX1187B9B5141,The Black Keys,When The Lights Go Out,blues,r&b/soul,hip hop,r&b/soul
TRQNNKX12903CB44CA,SOCULJG12A8AE4714D,ARS8GNX1187B9B5141,The Black Keys,Have Love Will Travel,blues,r&b/soul,r&b/soul,hip hop
TRKNKGC128F42A746A,SOUZEJD12D021B5336,AR20CFC1187B98A25D,Ray Charles,C.C. Rider,blues,r&b/soul,hip hop,hip hop
TRWEHQE128F935A2D6,SOKQSDH12AB0188B1A,AR20CFC1187B98A25D,Ray Charles,I Got a Woman,blues,hip hop,r&b/soul,hip hop
TRPMJOK128F92F317A,SOQWJXH12AAF3B5B0F,AR20CFC1187B98A25D,Ray Charles,The Sun's Gonna Shine Again,blues,r&b/soul,hip hop,hip hop
TRGXECP12903CDDC43,SOCLEEQ12D021B23E0,AR20CFC1187B98A25D,Ray Charles,Losing Hand,blues,r&b/soul,hip hop,r&b/soul
TREQYGT128E07859FA,SOZOJBP12A6701E425,ARV9LSS1187B98C471,Blake Shelton,Nobody But Me (Album Version),blues,r&b/soul,hip hop,r&b/soul
TROFEVE12903CD8AAA,SONQLUB12D02199FCD,AR66H0N1187B9AE91E,Etta James,A Sunday Kind of Love,blues,r&b/soul,hip hop,hip hop
TRCFPJF128F428A872,SOKCCML12D021B0FC6,AR66H0N1187B9AE91E,Etta James,I Just Want To Make Love To You,blues,r&b/soul,hip hop,r&b/soul
TRBFTHL128C7196B42,SODJRCC12D02192374,AR66H0N1187B9AE91E,Etta James,My Dearest Darling,blues,r&b/soul,hip hop,hip hop
TRFEGGQ128E07898AA,SOMPSXS12D021B12D7,AR66H0N1187B9AE91E,Etta James,W.O.M.A.N.,blues,r&b/soul,punk,hip hop
TRDDDDX128E0793212,SOIOOIR12A58A7EBB8,ARLAUED1187B9ACEAF,Eric Clapton,Alberta,blues,r&b/soul,hip hop,hip hop
TRWBAGY128F93034BF,SOXIVQT12AB0181061,ARLAUED1187B9ACEAF,Eric Clapton,Before You Accuse Me (Take A Look At Yourself),blues,r&b/soul,hip hop,hip hop
TRLWIBC128E0792E2C,SORMUAO12A6D4F9262,ARLAUED1187B9ACEAF,Eric Clapton,Early In The Morning,blues,r&b/soul,hip hop,r&b/soul
TRAZQIG128F146372E,SOFZYKR12A6D4F72A5,ARLAUED1187B9ACEAF,Eric Clapton,Floating Bridge,blues,r&b/soul,hip hop,hip hop
TRQUJCP128F4238206,SOICNJH12A81C22263,ARLAUED1187B9ACEAF,Eric Clapton,Kind Hearted Woman Blues (Album Version),blues,r&b/soul,hip hop,hip hop
TRIDJMD128E078B984,SOWGAGY12A6701F305,ARN0YZ71187B9BA57B,Michael Bublé,That's All (Album Version),classical,r&b/soul,hip hop,pop
TRYRCXF128F424183D,SOWXYFO12A8AE46AD3,ARGVJPK1187B9909EA,Josh Groban,America (Revised Live Version),classical,r&b/soul,hip hop,hip hop
TRDQLTF128E0787809,SODUTDM12A67020476,ARGVJPK1187B9909EA,Josh Groban,Broken Vow (Album Version),classical,r&b/soul,hip hop,r&b/soul
TRUAAEQ128F423C52D,SOGDUMI12A8AE45417,ARGVJPK1187B9909EA,Josh Groban,Gira Con Me Questa Notte (Album Version),classical,pop,reggae,hip hop
TRYGDNA128E078780C,SOWLNSE12A67020479,ARGVJPK1187B9909EA,Josh Groban,Hymne A L'Amour (Album Version),classical,reggae,hip hop,hip hop
TRDFTPP128F427550C,SOWOPHG12A8C13DB44,ARGVJPK1187B9909EA,Josh Groban,It Came Upon A Midnight Clear (Album Version),classical,hip hop,pop,country
TRRBWRX128F423C535,SOBFGZA12A8AE4542A,ARGVJPK1187B9909EA,Josh Groban,Let Me Fall (From Cirque du Soleil) (Album Version),classical,r&b/soul,hip hop,hip hop
TRJSTLV128F4241832,SOHCDYF12A58A7C604,ARGVJPK1187B9909EA,Josh Groban,Mi Mancherai (Il Postino) (Revised Live Version),classical,reggae,folk,reggae
TRBRHPE128E0787803,SOJCMKN12A67020471,ARGVJPK1187B9909EA,Josh Groban,My Confession (Album Version),classical,hip hop,hip hop,r&b/soul
TRLJSTZ128F4241831,SOTEXNI12A8AE46AAE,ARGVJPK1187B9909EA,Josh Groban,Oceano (Revised Live Version),classical,hip hop,folk,hip hop
TRGURIJ128E078780B,SORUSFO12A67020478,ARGVJPK1187B9909EA,Josh Groban,Remember When It Rained (Album Version),classical,r&b/soul,pop,hip hop
TRYKKOX128F4241839,SOEIAOV12A8AE46AC4,ARGVJPK1187B9909EA,Josh Groban,Remember When It Rained (Revised Live Version),classical,r&b/soul,pop,hip hop
TRUVBEG128F92F0B48,SORJUAX12AB017CB28,ARGVJPK1187B9909EA,Josh Groban,Smile,classical,r&b/soul,hip hop,pop
TRJBNZG128EF35A1AA,SOMYGPN12A6D4F7E28,ARGVJPK1187B9909EA,Josh Groban,Solo Por Ti (Album Version),classical,pop,reggae,hip hop
TRPJAPP128EF35A1AC,SOAGVMD12A6D4F7E2A,ARGVJPK1187B9909EA,Josh Groban,Un Giorno Per Noi (Album Version),classical,hip hop,pop,folk
TRUDTXB128F423C537,SOGQZMP12A8AE4542F,ARGVJPK1187B9909EA,Josh Groban,Vincent (Starry_ Starry Night) (Album Version),classical,r&b/soul,hip hop,hip hop
TRMVVDP128E0787806,SOTQRPK12A67020473,ARGVJPK1187B9909EA,Josh Groban,When You Say You Love Me (Album Version),classical,r&b/soul,hip hop,r&b/soul
TRIEQWR128E078780D,SOULFRO12A6702047A,ARGVJPK1187B9909EA,Josh Groban,You Raise Me Up (Album Version),classical,r&b/soul,hip hop,hip hop
TRBEYYM128F1493C56,SOKMZQL12A58A76B19,ARGVJPK1187B9909EA,Josh Groban,Believe (Album Version),classical,r&b/soul,hip hop,pop
TRPITXR128F427FA1B,SOEEMLZ12A8C136C5C,ARH861H1187B9B799E,Johnny Cash,Away In A Manger,classical,r&b/soul,hip hop,hip hop
TRGFMUJ128F423C52F,SOKABLD12D021991AC,ARGVJPK1187B9909EA,Josh Groban,Cinema Paradiso (Se) (Album Version),classical,hip hop,folk,hip hop
TRGVTSO12903CABC19,SOPPSEF12AB018ADD4,ARFM3UU1187B994C88,David Crowder*Band,All Around Me,classical,r&b/soul,hip hop,hip hop
TRJGMSL128F4230A6C,SOWYWPP12A81C20850,ARPBTRI1187FB52457,The Game,Black Opera,classical,r&b/soul,hip hop,r&b/soul
TRBGUUE128F1494FB6,SOGDJWU12A58A7DA10,ARJA1841187FB3A029,David Bowie,Baal's Hymn,classical,r&b/soul,hip hop,hip hop
TREPYPE128F92EB38C,SOBAQGA12AB017C9F2,ARNJ9LU1187B9A56A6,Il Divo,Adagio,classical,hip hop,hip hop,folk
TRGZRPJ128F92EF7E2,SOJBCHJ12A8C140942,ARNJ9LU1187B9A56A6,Il Divo,Adeste Fideles,classical,hip hop,hip hop,latin
TRGXTYR128F42ACF5F,SOJILSK12A8C13F427,ARNJ9LU1187B9A56A6,Il Divo,All By Myself (Solo Otra Vez),classical,latin,latin,reggae
TRVXXVG128F933AB88,SOHGPTR12AB01874F5,ARNJ9LU1187B9A56A6,Il Divo,Amazing Grace,classical,r&b/soul,hip hop,hip hop
TRLFGML128F92EB391,SOMZKFD12AB017CA0C,ARNJ9LU1187B9A56A6,Il Divo,Angelina,classical,hip hop,hip hop,latin
TRVFSWI128F42ACE94,SOJZKPG12A8C13F9E0,ARNJ9LU1187B9A56A6,Il Divo,Ave Maria,classical,pop,reggae,hip hop
TRMKTUF128F42BC140,SOLHDOP12A8C13FB24,ARNJ9LU1187B9A56A6,Il Divo,Caruso,classical,hip hop,folk,pop
TRXNYOZ128F42BC146,SOBTJJR12A8C13FB29,ARNJ9LU1187B9A56A6,Il Divo,Come Primavera,classical,pop,reggae,reggae
TRYFLQK128F92EF7F1,SOOVZJZ12A8C1399B9,ARNJ9LU1187B9A56A6,Il Divo,Dentro Un Altro Si,classical,hip hop,hip hop,folk
TRRWCOL128F42AD05D,SOOZNYR12A8C13D9F7,ARNJ9LU1187B9A56A6,Il Divo,En Aranjuez Con Tu Amor,classical,hip hop,hip hop,latin
TRVRPTI128F92EB390,SOCREBZ12AB017CA05,ARNJ9LU1187B9A56A6,Il Divo,Enamorado,classical,hip hop,reggae,latin
TRGRNWU128F42AE46D,SOLRRGS12A8C13FD5A,ARNJ9LU1187B9A56A6,Il Divo,Esisti Dentro Me,classical,latin,reggae,latin
TRNXWLK128F92EC9A7,SOVINFL12A8C139286,ARNJ9LU1187B9A56A6,Il Divo,Everytime I Look At You,classical,r&b/soul,hip hop,hip hop
TRITOVK128F92EC9A0,SOCVWFF12A8C13B6EE,ARNJ9LU1187B9A56A6,Il Divo,Feelings,classical,jazz,jazz,hip hop
TRRLVOI128F92EB38D,SOKINKK12AB017C9F6,ARNJ9LU1187B9A56A6,Il Divo,Hallelujah (Aleluya),classical,hip hop,hip hop,latin
TRHPPNF128F42ACFA9,SOCXAJQ12A8C13FD4E,ARNJ9LU1187B9A56A6,Il Divo,Hasta Mi Final,classical,hip hop,reggae,hip hop
TRUXYDP128F93234BD,SOYGKHG12AB01804C8,ARS54I31187FB46721,Taylor Swift,Crazier,country,r&b/soul,hip hop,r&b/soul
TRKVVVK12903CB592C,SODUDUN12AB018CCAB,ARS54I31187FB46721,Taylor Swift,Fifteen,country,r&b/soul,hip hop,hip hop
TRUVVME12903CBA350,SORRBVQ12A58A7AA33,ARS54I31187FB46721,Taylor Swift,Change,country,r&b/soul,hip hop,electronic
TRZGWCY12903CEF521,SOVMMRT12D021B2E6E,ARHATLI1187FB52C76,Toby Keith,You Can't Read My Mind,country,r&b/soul,hip hop,hip hop
TRMAVQT128F4270DBF,SOLJTVT12A58A79F96,ARH861H1187B9B799E,Johnny Cash,Man In White,country,r&b/soul,hip hop,hip hop
TRWVEDL128F4293EA3,SOOVRMN12AF72A0933,AR7ZFLN1187FB4830A,Rascal Flatts,Holes,country,r&b/soul,hip hop,hip hop
TRTVVYX128F9328DBA,SOMKEYV12AF72A20B2,ARFL99B1187B9A2A45,Sugarland,Baby Girl,country,r&b/soul,hip hop,hip hop
TRTGPPK128F1459DD4,SOIHEED12A6D4F5E36,AR4DW2Q1187FB44DB6,Billy Currington,Growin' Up Down There,country,r&b/soul,hip hop,hip hop
TRHUIRM128F426BFD5,SOMDWHQ12A6D4F5E30,AR4DW2Q1187FB44DB6,Billy Currington,Hangin' Around,country,r&b/soul,hip hop,r&b/soul
TRJNTQQ128F426BFD0,SOVXWMI12A8C13B667,AR4DW2Q1187FB44DB6,Billy Currington,Here I Am,country,r&b/soul,hip hop,hip hop
TRZJCNT128F426BFCC,SOWNWBW12A8C13B65E,AR4DW2Q1187FB44DB6,Billy Currington,She's Got A Way With Me,country,r&b/soul,hip hop,hip hop
TRPZEWS128F92F585E,SOOSFVL12AB018253F,AR4DW2Q1187FB44DB6,Billy Currington,That's How Country Boys Roll,country,r&b/soul,pop,hip hop
TRYPBLE128F1459DD1,SOKHXYG12A6D4F5E33,AR4DW2Q1187FB44DB6,Billy Currington,Where The Girls Are,country,r&b/soul,hip hop,hip hop
TRKVITQ128F4271B31,SOVALXP12D021B3DA8,ARH861H1187B9B799E,Johnny Cash,Daddy Sang Bass,country,r&b/soul,hip hop,hip hop
TRGZDBB128F4270A4C,SOLWDNH12D021B2402,ARH861H1187B9B799E,Johnny Cash,I Don't Know Where I'm Bound,country,hip hop,hip hop,r&b/soul
TRMBNRH12903D02C23,SOWLYYP12D0219044F,ARH861H1187B9B799E,Johnny Cash,I Was There When It Happened,country,r&b/soul,hip hop,hip hop
TRBXYKU128F427915D,SOEXZQP12D021B0F1D,ARH861H1187B9B799E,Johnny Cash,The Big Battle,country,r&b/soul,hip hop,hip hop
TRFRXGD128F42717FF,SOHCAKG12A8BED7973,ARH861H1187B9B799E,Johnny Cash,A Thing Called Love,country,r&b/soul,pop,hip hop
TRYIYFG128F42603CC,SOOUGLY12A8BEE954A,ARH861H1187B9B799E,Johnny Cash,You Dreamer You,country,r&b/soul,hip hop,r&b/soul
TRQHDNY128F92E3A01,SOOFVUE12AB017B824,ARH861H1187B9B799E,Johnny Cash,I Walk The Line,country,r&b/soul,hip hop,hip hop
TRGCHXM128F429CBB9,SOKDAHN12A8C13F938,ARH861H1187B9B799E,Johnny Cash,Life's Railway To Heaven,country,r&b/soul,pop,hip hop
TRSJGNV128F92F4124,SODVCJH12AF72A4A08,AR3ETJY1187B98ED15,Darius Rucker,If I Had Wings,country,hip hop,r&b/soul,hip hop
TRHTOYT128F429FEF4,SOVZHIK12A8C1349BD,ARNNM56119B86686EA,Luke Bryan,Pray About Everything,country,punk,r&b/soul,r&b/soul
TRCFFVR128F145D6DF,SOYPMDY12A6D4F77DE,AR95IYB1187FB3FE0B,Keith Urban,Your Everything,country,r&b/soul,hip hop,hip hop
TRQSGEL128F4242DFC,SOAXCEO12CF5F873BF,ARHATLI1187FB52C76,Toby Keith,A Little Too Late,country,r&b/soul,pop,punk
TRAIMRN128E0791E72,SOAOYPN12CF52D3231,ARHATLI1187FB52C76,Toby Keith,Who's Your Daddy?,country,r&b/soul,hip hop,hip hop
TRRSVGD128F4242DDC,SORPIQY12A8C13632E,ARHATLI1187FB52C76,Toby Keith,A Woman's Touch,country,r&b/soul,hip hop,pop
TRTXHKL128F4242DD9,SOROSTR12A8C136324,ARHATLI1187FB52C76,Toby Keith,Big Ol' Truck,country,hip hop,r&b/soul,pop
TRADETN128F148CF19,SOEKKYB12A6D4F81D4,ARHATLI1187FB52C76,Toby Keith,Blue Bedroom,country,r&b/soul,hip hop,hip hop
TRKKXKG128E0791E74,SOJRPQW12B0B808689,ARHATLI1187FB52C76,Toby Keith,It's All Good,country,r&b/soul,hip hop,hip hop
TRSSUAV128F148D60F,SOLBJPX12A6D4F901D,ARHATLI1187FB52C76,Toby Keith,Sweet,country,r&b/soul,hip hop,hip hop
TRFROET128F148CF1F,SOPBTRI12A6D4F81DA,ARHATLI1187FB52C76,Toby Keith,You Shouldn't Kiss Me Like This,country,r&b/soul,hip hop,hip hop
TRFHVTT12903CF7CD9,SOBAAFP12D02198DCD,ARFR3E51187B9A0A85,Sara Evans,A Real Fine Place To Start,country,r&b/soul,hip hop,pop
TRXZNNF12903CA6F9B,SOWEIIN12AB018066C,ARO4WQR1187B9B9825,Kenny Rogers,Endless love,country,r&b/soul,hip hop,hip hop
TRTSAUB128E07859FC,SOGBBSX12A6701E426,ARV9LSS1187B98C471,Blake Shelton,Love Gets In The Way (Album Version),country,r&b/soul,hip hop,hip hop
TRFMGIO128F42591F0,SOBCKDM12D021B3D99,ARK4ZEK1187B990A4F,George Strait,I'd Like To Have That One Back,country,r&b/soul,hip hop,hip hop
TRDYUVI128E078F725,SOEJDOV12D021B3BD5,ARK4ZEK1187B990A4F,George Strait,Marina Del Rey,country,r&b/soul,hip hop,hip hop
TRPNLLB128F14956A5,SOPBLAJ12D02193A82,ARK4ZEK1187B990A4F,George Strait,Milk Cow Blues,country,r&b/soul,hip hop,hip hop
TRTDHSB128F422B90F,SOWKMZU12A81C2165A,ARKZ13R1187FB54FEE,Josh Turner,Another Try,country,hip hop,hip hop,r&b/soul
TREXZYC12903CA281A,SOLDPJZ12AB0186231,ARKZ13R1187FB54FEE,Josh Turner,As Fast As I Could,country,r&b/soul,hip hop,hip hop
TRDXSGX128F425F173,SOTSNDR12A8AE47599,ARF8HTQ1187B9AE693,Daft Punk,One More Time / Aerodynamic,electronic,r&b/soul,r&b/soul,hip hop
TREAQSX128E07818CA,SOAWSML12A6310F1B7,ARF8HTQ1187B9AE693,Daft Punk,One More Time (Romanthony's Unplugged),electronic,r&b/soul,hip hop,hip hop
TRBVPVV128F425F14F,SOOHYOB12CF5F87A28,ARF8HTQ1187B9AE693,Daft Punk,Touch It / Technologic,electronic,hip hop,blues,rock
TRBROFT128F92F8769,SOYPPAZ12A8C143CD6,ARORMBJ1241B9CDB1A,Ke$ha,Boots &  Boys,electronic,r&b/soul,hip hop,hip hop
TRIIWCU128F92F876A,SOQVJWF12A58A801EF,ARORMBJ1241B9CDB1A,Ke$ha,Animal,electronic,r&b/soul,hip hop,hip hop
TRVDAHO128F92F231E,SOXUSKK12A8C144F94,AR0IVTL1187B9AD520,Katy Perry,Hot N Cold (Innerpartysystem Main),electronic,r&b/soul,hip hop,hip hop
TRUGOGT128F92F29E9,SONPGGS12AB0183AD2,AR0WLH6119B8669027,Owl City,Captains and Cruise Ships,electronic,r&b/soul,hip hop,hip hop
TRNEITZ128F92F29EA,SOIFHDS12AB0183AD5,AR0WLH6119B8669027,Owl City,Designer Skyline,electronic,r&b/soul,hip hop,hip hop
TRMIHFS128F92F2A01,SOLCHRP12AC468D757,AR0WLH6119B8669027,Owl City,Early Birdie,electronic,r&b/soul,hip hop,hip hop
TRDEVZQ128F931BAED,SOQLHST12AB0184A27,AR0WLH6119B8669027,Owl City,Meteor Shower,electronic,r&b/soul,hip hop,r&b/soul
TRCXWLU128F92F2A0D,SOWHUXB12AB01816EE,AR0WLH6119B8669027,Owl City,This Is The Future,electronic,r&b/soul,hip hop,metal
TRVJTNA128F934D19D,SOKTUGM12AB0184005,ARRBF3M1187FB4D59F,30 Seconds To Mars,Kings and Queens (Innerpartysystem Remix Main),electronic,r&b/soul,hip hop,hip hop
TRRBLPE128F9311B20,SOMSZSA12AB0182E3A,ARVKJGO12086C15075,LMFAO,Bounce,electronic,r&b/soul,hip hop,hip hop
TRWQYOY128F425BD4C,SOODXDV12A8AE4807F,AR5K3CW1187FB45B46,Crystal Castles,Vanished,electronic,r&b/soul,hip hop,hip hop
TRLLRQA128F427C709,SOSKKKY12A8C13ED21,AR5K3CW1187FB45B46,Crystal Castles,Xxzxcuzx,electronic,r&b/soul,hip hop,hip hop
TRDFWPG128F148D4DF,SOIWRAH12A6D4F66C0,ARBEOHF1187B9B044D,Madonna,Die Another Day [Live],electronic,r&b/soul,hip hop,hip hop
TRVWMWN128E0788952,SOMANNK12A6701F0A1,ARN5NHX1187FB4F755,The Smashing Pumpkins,Perfect (Nellee Hooper Instrumental),electronic,r&b/soul,hip hop,r&b/soul
TRDHPGJ128F4289C44,SOESBMW12A8AE48210,AR8V1X71187B9B919B,Kylie Minogue,Love At First Sight (The Scumfrog's Beauty And The Beast Vocal Edit),electronic,r&b/soul,hip hop,hip hop
TRFSQXF128F9311B25,SOCHMTD1288D3E7D9D,ARVKJGO12086C15075,LMFAO,I Am Not A Whore,electronic,hip hop,punk,hip hop
TRXACXM12903CEC365,SOEFTYS129F06C1DEB,ARPD2KK1187B9B8B98,Cascada,Fever,electronic,electronic,hip hop,hip hop
TRWWVGC12903CB5C50,SOBSJQH12AB01876C3,AR6LZB61187B9AF431,Depeche Mode,Freestate,electronic,r&b/soul,electronic,hip hop
TRYIJWH128F146948C,SOXZUAV12A6310F21A,AR6LZB61187B9AF431,Depeche Mode,Personal Jesus,electronic,r&b/soul,hip hop,hip hop
TRDIAZY12903CB6532,SOWUJPS12AB018ACA8,ARAXU5Z1187B98FECD,Gorillaz,Broken,electronic,r&b/soul,hip hop,hip hop
TRTUJAL128F423E18D,SOGNWLL12AF72AAA61,ARAXU5Z1187B98FECD,Gorillaz,Kids With Guns (Quiet Village Remix),electronic,electronic,hip hop,blues
TRBTXNE12903CB6528,SOCMRWF12AB018AC92,ARAXU5Z1187B98FECD,Gorillaz,Rhinestone Eyes,electronic,r&b/soul,hip hop,hip hop
TRKQRSQ128F92D5134,SOTTAJB12A8C142C18,AR4L4WQ1187FB51996,The Prodigy,Invaders Must Die,electronic,hip hop,r&b/soul,reggae
TRBFVAA128F423C356,SOCWAFA12A8AE48A78,AR4L4WQ1187FB51996,The Prodigy,Wake Up Call (Album Version),electronic,r&b/soul,hip hop,hip hop
TRFSCLD12903CD213F,SOENGNL12AB018E1BD,AR4L4WQ1187FB51996,The Prodigy,We Gonna Rock,electronic,electronic,punk,hip hop
TRZTQEP128E0792526,SOYMEOT12A6701DE9A,ARK9TRQ1187B99C095,Nine Inch Nails,The Great Collapse,electronic,r&b/soul,hip hop,electronic
TRLTFVP128E0782B34,SOITPXC12A6310E0DA,AR9L6R11187B9AA3F2,Duran Duran,Electric Barbarella (Radio Edit),electronic,r&b/soul,hip hop,hip hop
TRFVWXW128F931A0E9,SOPERLI129F0824AA5,ARAOQ5T1187FB435AB,Björk,Pluto,electronic,hip hop,r&b/soul,hip hop
TRKQQMW128F92D54DF,SOMXUUY12A8C141D38,ARD063K11C8A422ED7,Empire Of The Sun,Delta Bay,electronic,hip hop,hip hop,hip hop
TRFYMPB128F93100C0,SOXKRRQ12AB017C0F2,ARD063K11C8A422ED7,Empire Of The Sun,We Are The People (Shazam Remix),electronic,r&b/soul,hip hop,r&b/soul
TRBCSDW128F424D686,SOQWSGM12A6D4FC3C6,ARIRCA31187FB58E84,The Maine,You Left Me,electronic,r&b/soul,r&b/soul,pop
TRRXQJA128F1472A56,SOYPJMP12AF72A901D,ARWA8AH1187FB3FC84,Hot Chip,The Warning,electronic,hip hop,r&b/soul,hip hop
TRMDYBW128F14A17E8,SOODBDC12A8C13E4E9,ARTH03J1187FB3E00C,Enter Shikari,Keep It On Ice,electronic,hip hop,hip hop,rock
TRCNUNL128F93437CF,SOYQNWH12AB0180C07,ARTH03J1187FB3E00C,Enter Shikari,The Jester,electronic,r&b/soul,hip hop,hip hop
TRIPJIJ128F1453AE0,SORSPQO12A6D4F782F,AREACYD1187FB566DE,Enya,Lazy Days,electronic,r&b/soul,hip hop,electronic
TRPLRVY128F1473EBE,SOTCEXG12A6D4F60FE,AREACYD1187FB566DE,Enya,Someone Said Goodbye,electronic,r&b/soul,r&b/soul,hip hop
TRWPUDX128F148F907,SODFLBN12A6D4F923A,AREACYD1187FB566DE,Enya,The Magic Of The Night,electronic,r&b/soul,hip hop,hip hop
TRZQTSM128F9328120,SOZDITZ12A58A7B41A,AR91C8S1187B990901,Bruce Springsteen,Gave It A Name,folk,r&b/soul,hip hop,hip hop
TRNZCWJ128F427099F,SODXHZV12A8C1340B6,ARH861H1187B9B799E,Johnny Cash,The Vanishing Race,folk,hip hop,r&b/soul,hip hop
TRJQRAP128F9314B3F,SOMSWGY12AB017F755,ARZENOX1187B98A645,John Mayer,All We Ever Do Is Say Goodbye,folk,r&b/soul,r&b/soul,hip hop
TRETJUU128F426402A,SOYHOTV12A8C132B9B,ARZENOX1187B98A645,John Mayer,Clarity,folk,r&b/soul,hip hop,r&b/soul
TRNOUUF128F4280B8D,SOHREDT12A8C13862F,ARZENOX1187B98A645,John Mayer,Why Georgia,folk,hip hop,hip hop,punk
TREKVTY128E0784BA3,SOBHKVI12A6701F1C8,ARC8CQZ1187B98DECA,Jack Johnson,Mudfootball (For Moe Lerner),folk,r&b/soul,hip hop,pop
TRYNAAP128F427EF64,SOCJTTL12A8C14009F,AR7OA5G1187B98D3A0,Sufjan Stevens,Sister Winter,folk,r&b/soul,hip hop,hip hop
TRFMWVJ128E0791E70,SODZLMJ127D977E810,ARE0WH81187B9A7BA3,Rufus Wainwright,In A Graveyard,folk,r&b/soul,hip hop,hip hop
TRLTTDC128E079380E,SOCTYHG12A679D7E2B,ARE0WH81187B9A7BA3,Rufus Wainwright,Baby,folk,r&b/soul,hip hop,hip hop
TRUCWXA128F92E4944,SOYGQGR12AF72ABAB8,ARQEBGJ122E6447D2B,Edward Sharpe & The Magnetic Zeros,Janglin,folk,r&b/soul,hip hop,hip hop
TRGQBAX128F426EFCA,SOERZLJ12A8C132D53,AR5FP401187FB523C9,Bob Dylan,Ballad In Plain D,folk,r&b/soul,hip hop,hip hop
TRGSDTP128F92F76D1,SOHMZEX12A8C132F5F,AR5FP401187FB523C9,Bob Dylan,One Of Us Must Know (Sooner Or Later),folk,r&b/soul,hip hop,r&b/soul
TRMRMTN128F92D426F,SOIZDJI12A8C1435C7,ARSF0K11187B9AF319,James Taylor,It's Growing,folk,r&b/soul,electronic,hip hop
TRDFPTZ128F14B108C,SOJKUOG12A6D4FD11D,ARSF0K11187B9AF319,James Taylor,Oh_ Susannah (LP Version),folk,hip hop,r&b/soul,hip hop
TROZEMN128F4262CCA,SOHSTLE12A8C132425,ARSF0K11187B9AF319,James Taylor,Something In The Way She Moves,folk,r&b/soul,hip hop,hip hop
TRGAZWQ12903CB0BA9,SOGJZZZ12AF72AA43B,ARYQES41187B9B960F,David Gray,Draw The Line,folk,r&b/soul,hip hop,r&b/soul
TRSNACX128E078AA88,SOKYDGS12A6701E3CB,ARYQES41187B9B960F,David Gray,Sail Away,folk,electronic,r&b/soul,r&b/soul
TRXCQOC12903CB0BBA,SOEWUQY12AB0188156,ARYQES41187B9B960F,David Gray,Stella The Artist,folk,r&b/soul,hip hop,hip hop
TRPGPVH128F429B2F0,SOGACYC12A8C13C528,ARZWK2R1187B98F09F,Rise Against,Swing Life Away (Acoustic),folk,r&b/soul,hip hop,hip hop
TRHLRGU128F42643FB,SORGTNE12D02193408,AR5FP401187FB523C9,Bob Dylan,Billy 4,folk,r&b/soul,hip hop,hip hop
TRFCCKL128F426EE8E,SORACYK12D02193097,AR5FP401187FB523C9,Bob Dylan,Stuck Inside Of Mobile With The Memphis Blues Again,folk,r&b/soul,hip hop,hip hop
TRGOYOU128F93223F2,SOWILEH12CF5F8729B,AR5FP401187FB523C9,Bob Dylan,Pretty Peggy-O,folk,r&b/soul,hip hop,hip hop
TROMGSH128F427A408,SOBADWZ12CF5F86CD7,AR5FP401187FB523C9,Bob Dylan,She Belongs To Me,folk,hip hop,hip hop,pop
TRFBWEC128F42B8346,SOFDFBL12CF5F89018,AR5FP401187FB523C9,Bob Dylan,When The Deal Goes Down,folk,r&b/soul,hip hop,hip hop
TRDVYVJ128F426F7C0,SOXYGEE12CF5F875CF,AR5FP401187FB523C9,Bob Dylan,With God On Our Side,folk,r&b/soul,hip hop,hip hop
TREKVGV128E0788976,SOSHHZB12A6701F0C5,ARN5NHX1187FB4F755,The Smashing Pumpkins,Terrapin,folk,r&b/soul,hip hop,r&b/soul
TRUUBKE128F426F5C0,SONBFSZ12AF729E7A3,ARSF0K11187B9AF319,James Taylor,On The 4th of July,folk,r&b/soul,hip hop,hip hop
TRJZYIT128F426D5BE,SONYMBG12CF5826721,ARSF0K11187B9AF319,James Taylor,Company Man,folk,r&b/soul,hip hop,pop
TRYOIZM128F14567A0,SODRUMV12A6D4F7A58,ARTBSEF1187FB3CBDE,Jimmy Buffett,Ace,folk,r&b/soul,hip hop,pop
TRQYFLB128E078941E,SOBRYFG12AF72A1BAE,ARGHBVV1187FB4D57A,Ryan Adams,How Do You Keep Love Alive,folk,r&b/soul,hip hop,r&b/soul
TRZUSDI128F4259806,SOXBQDJ12A6D4F93CC,ARGHBVV1187FB4D57A,Ryan Adams,When The Stars Go Blue,folk,hip hop,r&b/soul,r&b/soul
TRWUFEW128F14782F3,SOBCLWO12A6D4F83AD,AR90WS41187FB3F064,Ray LaMontagne,Forever My Friend,folk,r&b/soul,hip hop,hip hop
TRPZXTD128F14856D4,SOFZRDV12A6D4FACB1,AR90WS41187FB3F064,Ray LaMontagne,How Come [Acoustic Mix],folk,r&b/soul,hip hop,hip hop
TRIOKOC128F4267572,SOIOLFS12D021989DD,ARTQ8QP1187FB3D220,Leonard Cohen,Chelsea Hotel #2,folk,r&b/soul,hip hop,r&b/soul
TREBQMO128F42828DB,SOOHIHR12AF72A7053,ARIDDOM1187B9A1360,We Are Scientists,Lethal Enforcer (Live From Union Chapel_ London),folk,r&b/soul,hip hop,hip hop
TRIQKDQ128F146F504,SOVWOMM12A6D4F8484,ARCJKV91187FB46210,KT Tunstall,Change,folk,r&b/soul,r&b/soul,hip hop
TRBFURI128F1455498,SOLMCFH12A58A7FACE,ARCJKV91187FB46210,KT Tunstall,Under The Weather,folk,r&b/soul,hip hop,hip hop
TRVLECJ128E078235B,SOSJLXU12A6310F2B2,AR0L04E1187B9AE90C,The Verve,So Sister,folk,hip hop,r&b/soul,r&b/soul
TRMLKKJ128E0798A59,SONNMHJ12A67AE098E,AR8886N1187B9B330A,Liz Phair,Lost Tonight,folk,r&b/soul,hip hop,r&b/soul
TRYBZQD12903CD1380,SONJLBP12AB018A66C,AR9UC071187B9B76FD,The Pogues,Sunnyside Of The Street,folk,hip hop,hip hop,r&b/soul
TRHYZQR128F428F5C5,SOAWESO12A8C13AC4E,ARRH63Y1187FB47783,Kanye West,Can't Tell Me Nothing,hip hop,r&b/soul,hip hop,hip hop
TRPQDHV128E07845CB,SOWZAHB12AF72A4B46,ARRH63Y1187FB47783,Kanye West,Graduation Day,hip hop,r&b/soul,hip hop,r&b/soul
TRHAGFQ128F428B8EA,SOLBUFV12A67020A39,ARRH63Y1187FB47783,Kanye West,Wake Up Mr. West,hip hop,r&b/soul,hip hop,r&b/soul
TRQXYGU128E079236A,SOIJTSI12A6701FD8B,ARTDQRC1187FB4EFD4,Black Eyed Peas,A8,hip hop,r&b/soul,hip hop,r&b/soul
TRBUESY128F92F81F6,SOVVVXC12AB017F162,ARTDQRC1187FB4EFD4,Black Eyed Peas,Boom Boom Guetta,hip hop,hip hop,hip hop,electronic
TRPDBLM128E0792367,SOZRPOY12A8C1455F5,ARTDQRC1187FB4EFD4,Black Eyed Peas,Communication,hip hop,r&b/soul,electronic,hip hop
TRLINLH128F9346400,SOROKRP12AF729F9B4,ARTDQRC1187FB4EFD4,Black Eyed Peas,One Tribe,hip hop,hip hop,r&b/soul,hip hop
TREPPUG128F9301FAB,SOBRREA12A6701C403,ARTDQRC1187FB4EFD4,Black Eyed Peas,Sexy,hip hop,r&b/soul,hip hop,hip hop
TRBBVNR128E078E1E4,SOCMYLF12A67020A4D,ARTDQRC1187FB4EFD4,Black Eyed Peas,Tell Your Momma Come,hip hop,r&b/soul,hip hop,r&b/soul
TRTJVGX128E078EB1C,SOUNVLC12A6701C406,ARTDQRC1187FB4EFD4,Black Eyed Peas,The Apl Song,hip hop,r&b/soul,hip hop,hip hop
TRDJOCY128F4294CD5,SOTHRKJ12A6701C2D8,ARRH63Y1187FB47783,Kanye West,Diamonds From Sierra Leone,hip hop,r&b/soul,hip hop,hip hop
TREADOS128E078EC1F,SORAWSB12A6701FBC8,ARTH9041187FB43E1F,Eminem,If I Had,hip hop,r&b/soul,hip hop,hip hop
TRHPAVK128E078EC9C,SOKJZZN12A6701C77A,ARTH9041187FB43E1F,Eminem,Ken Kaniff,hip hop,r&b/soul,hip hop,hip hop
TRGLNKG128F9307689,SOFVLYU12AB017F502,ARTH9041187FB43E1F,Eminem,My Darling,hip hop,r&b/soul,hip hop,hip hop
TRCHZXW128E079288A,SOMEJDK12D0219BB71,ARTH9041187FB43E1F,Eminem,8 Mile,hip hop,hip hop,r&b/soul,hip hop
TRCDLUM128F9331CA9,SOOOJWM12A8C13AC0E,ARPDVPJ1187B9ADBE9,Usher,Love Was Here,hip hop,r&b/soul,hip hop,r&b/soul
TRPMNRL128F9302AD7,SOEVGOY12AB0181053,ARCGJ6U1187FB4D01F,Akon,Be With You,hip hop,r&b/soul,hip hop,hip hop
TRRIRMX128F92E6272,SOILRPD12A6701E38C,ARCGJ6U1187FB4D01F,Akon,Locked Up,hip hop,hip hop,r&b/soul,hip hop
TRCEYQJ128E07862DE,SOAUEBB12A67020DC4,ARLGIX31187B9AE9A0,Jay-Z,So Ghetto,hip hop,r&b/soul,hip hop,hip hop
TRZGUNN128E07862F7,SOGFJJE12A58A80C35,ARLGIX31187B9AE9A0,Jay-Z,Heart Of The City (Ain't No Love),hip hop,r&b/soul,hip hop,hip hop
TRTVTYS128E0792887,SORCZHK12A6701FFB0,ARTH9041187FB43E1F,Eminem,Rabbit Run,hip hop,r&b/soul,hip hop,hip hop
TRBEBJO128C719646B,SORXHBR12AF72A5DA5,ARCBD0U1187FB466EF,Nelly,Splurge,hip hop,r&b/soul,hip hop,hip hop
TRMWYIH128E078DCA6,SOMTUPP12A6701FC38,ARCBD0U1187FB466EF,Nelly,St. Louie,hip hop,r&b/soul,hip hop,hip hop
TRHXTHR128F145E864,SOTUHWK12A6310D7E5,ARCBD0U1187FB466EF,Nelly,Wrap Sumden,hip hop,r&b/soul,hip hop,hip hop
TRQRAKE128F9322866,SOJQLHA12AB017F7D4,ARLGIX31187B9AE9A0,Jay-Z,Soon You'll Understand,hip hop,r&b/soul,hip hop,r&b/soul
TRCDAUA128E0784644,SOAZMZB12A6701D958,ARLGIX31187B9AE9A0,Jay-Z,Encore,hip hop,r&b/soul,hip hop,r&b/soul
TRBCPZS128F145ECC1,SOOKDOU12D0219A1C0,ARCBD0U1187FB466EF,Nelly,Say Now,hip hop,r&b/soul,pop,electronic
TRWFVOW128E0793847,SOZDHYB12A679D7E52,ARZER7I1187FB385AF,Dr. Dre,Been There Done That,hip hop,r&b/soul,hip hop,pop
TRWZWOX128F935A084,SOTYTWT12A58A7BBEE,AR9LJ9D1187FB4303D,Sean Kingston,Magical,hip hop,r&b/soul,r&b/soul,r&b/soul
TRXGBGU128F935A092,SOGKYFP12AB0185ED3,AR9LJ9D1187FB4303D,Sean Kingston,Over,hip hop,r&b/soul,hip hop,hip hop
TRFKPZK128F935A08D,SOJHMSM12AB0185233,AR9LJ9D1187FB4303D,Sean Kingston,Wrap U Around Me,hip hop,r&b/soul,pop,r&b/soul
TRWVTDX128F931ECEF,SOUOEMP12A8C13866E,ARDDMYP1187B9B8AE4,M.I.A.,Paper Planes,hip hop,r&b/soul,hip hop,hip hop
TRWTZGX128F149535F,SOQFNGB12A6D4FA61E,AR9RYZP1187FB36C6A,Thousand Foot Krutch,Set It Off,hip hop,r&b/soul,hip hop,electronic
TRCACEF128F42434D7,SOEFLLL12AF72A15EA,AR7NPRY1187B9ADE15,Ludacris,Ho,hip hop,r&b/soul,jazz,hip hop
TRCQNWN128F92EA07D,SOEARQO12AB017F7F0,ARVTAI41187B9B8B67,Wu-Tang Clan,The What,hip hop,r&b/soul,hip hop,hip hop
TRYHHXT128F4276F89,SOKMCHV12D02194FF6,AR23C041187FB4D534,50 Cent,Rowdy Rowdy,hip hop,r&b/soul,hip hop,hip hop
TRIGDUK128E0784045,SOFXFJC12A6310E2F1,ARZ5H0P1187B98A1DD,Snoop Dogg,Bang Out,hip hop,r&b/soul,hip hop,hip hop
TRNVKOI128E0799173,SOIYRHZ12A67AD8126,ARZ5H0P1187B98A1DD,Snoop Dogg,Snoopafella (Edited),hip hop,r&b/soul,hip hop,hip hop
TRLVRJP128F93519FB,SOOENST12AC9E1344B,ARZYMH91187B99CEFC,Atmosphere,Hair,hip hop,r&b/soul,hip hop,hip hop
TRBZXAC12903CBB0CE,SOHAYPC12A6D4FB7A7,ARZYMH91187B99CEFC,Atmosphere,Happymess,hip hop,r&b/soul,hip hop,hip hop
TRUNSXQ128E078B97D,SOALPQQ12A6701F302,ARN0YZ71187B9BA57B,Michael Bublé,Put Your Head On My Shoulder (Album Version),jazz,r&b/soul,r&b/soul,pop
TRFUJLG128F4255312,SOELKTY12A8C135CCC,ARN0YZ71187B9BA57B,Michael Bublé,Stuck In The Middle With You (Non-Album Track),jazz,r&b/soul,hip hop,hip hop
TRQPMHA128E078B979,SOSHDEL12A6701F300,ARN0YZ71187B9BA57B,Michael Bublé,You'll Never Find Another Love Like Mine (Album Version),jazz,r&b/soul,hip hop,hip hop
TRZPSAF128F9349767,SOLOQYJ12AB0188A53,AR20CFC1187B98A25D,Ray Charles,Kiss me baby,jazz,r&b/soul,r&b/soul,pop
TRAEPAC12903CE5DC8,SOELRRQ12AB0188C34,AR20CFC1187B98A25D,Ray Charles,Let's Go,jazz,r&b/soul,hip hop,r&b/soul
TRMJMVW12903CD44F4,SOZKIGX12D021902C2,AR20CFC1187B98A25D,Ray Charles,Moon Over Miami,jazz,r&b/soul,hip hop,hip hop
TRBXTYM128F930793B,SOAAYTO12D021B0A4B,AREIN101187FB5A5FA,Nat King Cole,Hit That Jive Jack,jazz,r&b/soul,hip hop,pop
TRFORZM12903CDF88C,SODTNSX12D021979B9,AREIN101187FB5A5FA,Nat King Cole,The Christmas Song,jazz,r&b/soul,hip hop,pop
TREMJFY12903CF1630,SOMTUNZ12D021B236A,AREIN101187FB5A5FA,Nat King Cole,Too Young,jazz,r&b/soul,hip hop,hip hop
TRKBPHV128F92E3B2D,SOBHTSP12D021B0A27,AREIN101187FB5A5FA,Nat King Cole,Unforgettable,jazz,r&b/soul,pop,hip hop
TRHYGVQ12903D046A9,SOEPFCI12AC46877AA,AREIN101187FB5A5FA,Nat King Cole,Autumn Leaves,jazz,r&b/soul,hip hop,hip hop
TRWIGSY128F92FE6B6,SOHZWJK12AB017DCF8,AREIN101187FB5A5FA,Nat King Cole,Love Is A Many Splendored Thing,jazz,r&b/soul,pop,hip hop
TRHEGPE128F9311A85,SOHHACX12AB0181443,AREIN101187FB5A5FA,Nat King Cole,Smoke Gets in Your Eyes,jazz,hip hop,r&b/soul,hip hop
TRWZCIQ12903C97881,SOKLXSK12A58A7C3DA,AREIN101187FB5A5FA,Nat King Cole,If You Can't Smile And Say Yes,jazz,r&b/soul,r&b/soul,hip hop
TREENNZ128F145B67D,SOALXFE12A6D4F78B0,AREIN101187FB5A5FA,Nat King Cole,She's Funny That Way,jazz,r&b/soul,hip hop,hip hop
TRVUYIL128F4275FAD,SOCKFLV12A8C133605,AREIN101187FB5A5FA,Nat King Cole,The Ruby And The Pearl (2003 Digital Remaster),jazz,r&b/soul,hip hop,hip hop
TRHOXSK128F145C9F9,SOLCRAY12A6D4F6095,AREIN101187FB5A5FA,Nat King Cole,The Very Thought Of You,jazz,r&b/soul,hip hop,hip hop
TRETXLU12903CD5688,SOIMSGC12D02198A5A,ARRL2QH1187B9AC814,Bing Crosby,Rudolph The Red-Nosed Reindeer,jazz,r&b/soul,hip hop,hip hop
TRORBTM128F93368FB,SOBEALQ12AB017EC86,ARBJ22B1187B9AD31C,Norah Jones,December,jazz,hip hop,hip hop,r&b/soul
TRFCNIJ128F423F32E,SOTBYQW12A6D4FE74B,ARBJ22B1187B9AD31C,Norah Jones,Don't Know Why (Live),jazz,hip hop,r&b/soul,r&b/soul
TRYNZAL128F1464B5A,SOPHSDC12B0B8081BB,ARBJ22B1187B9AD31C,Norah Jones,Humble Me,jazz,r&b/soul,hip hop,r&b/soul
TRNGOHS128E0781235,SOOVFTG12AF72A4B85,ARBJ22B1187B9AD31C,Norah Jones,I've Got To See You Again,jazz,r&b/soul,hip hop,hip hop
TRPPHPQ128F4258FFC,SOOEHBK12A8AE479F1,ARBJ22B1187B9AD31C,Norah Jones,Sinkin' Soon (iTunes Live Session),jazz,r&b/soul,electronic,hip hop
TRSSOKM128F1464B5C,SOQJPKL12A6D4F7D49,ARBJ22B1187B9AD31C,Norah Jones,The Long Way Home,jazz,r&b/soul,hip hop,hip hop
TRKMCAV128E0782298,SOGMFQZ12A6310EF6C,ARBJ22B1187B9AD31C,Norah Jones,Those Sweet Words,jazz,r&b/soul,hip hop,hip hop
TRBQFLA128F423F329,SODUTPQ12A6D4FE737,ARBJ22B1187B9AD31C,Norah Jones,Wish I Could (Live),jazz,r&b/soul,hip hop,hip hop
TRCLZPO128F427CD3A,SOMMQAC12CF5F86E67,ARBJ22B1187B9AD31C,Norah Jones,My Dear Country,jazz,r&b/soul,hip hop,hip hop
TRWAPCT128F1494611,SONBELN12AB0184D8F,ARIFGKC1187B9B04D5,Dean Martin,I Love The Way You Say Goodnight,jazz,r&b/soul,hip hop,r&b/soul
TRNBZVW128F92EE688,SOANWBV12AB0184B24,ARIFGKC1187B9B04D5,Dean Martin,White Christmas,jazz,hip hop,hip hop,hip hop
TRHZOEX128F93588AB,SOEXXLQ12A58A7A0CD,ARIFGKC1187B9B04D5,Dean Martin,Memories Are Made Of This,jazz,hip hop,r&b/soul,hip hop
TREOPOB128F427CD42,SOBWFAI12D021B3991,ARBJ22B1187B9AD31C,Norah Jones,Little Room,jazz,r&b/soul,hip hop,hip hop
TRELLQK128F147AD94,SOPTTXR12A58A782BB,ARO7DTP1187B9A1D2B,The Puppini Sisters,Bei Mir Bist Du Schön,jazz,r&b/soul,hip hop,hip hop
TRMOHUN128F424DEE6,SOCIAUG12A8C130F7F,ARO7DTP1187B9A1D2B,The Puppini Sisters,Don't Sit Under The Apple Tree,jazz,r&b/soul,r&b/soul,hip hop
TRSPEPD128F147AD9A,SOCFSHN12A6D4F73B2,ARO7DTP1187B9A1D2B,The Puppini Sisters,Falling In Love Again,jazz,r&b/soul,hip hop,hip hop
TRAQUUU128F147A689,SOEYNMS12A6D4F7BC8,ARO7DTP1187B9A1D2B,The Puppini Sisters,Heebie Jeebies,jazz,r&b/soul,hip hop,r&b/soul
TREIANS128F147AD97,SOLJYMK12A6D4F73B0,ARO7DTP1187B9A1D2B,The Puppini Sisters,I Will Survive,jazz,r&b/soul,hip hop,hip hop
TRPWTNZ128F147AD9F,SOOTOZG12A6D4F73B5,ARO7DTP1187B9A1D2B,The Puppini Sisters,In The Mood,jazz,r&b/soul,hip hop,hip hop
TRNDNKN12903CC8A4C,SOQIBZY12AB018A208,ARIFGKC1187B9B04D5,Dean Martin,Kiss,jazz,r&b/soul,hip hop,hip hop
TRJALGV12903D0447E,SOOCHTW12AC468DF40,ARIFGKC1187B9B04D5,Dean Martin,Let Me Go Lover,jazz,r&b/soul,pop,r&b/soul
TRPQFJA128F145AC60,SOLLBAY12AF72A5F48,ARIFGKC1187B9B04D5,Dean Martin,On An Evening In Roma (Sott'er Celo De Roma),jazz,r&b/soul,hip hop,hip hop
TRHBSKB128E07924CB,SOOEYBB12D021B0EAA,ARDCFNZ1187FB3DDB0,Enrique Iglesias,No Puedo Mas Sin Ti (I'm Your Man),latin,hip hop,latin,latin
TRBSLQC128F9333C5D,SOIOBWT12A8C14075B,AR6PJ8R1187FB5AD70,Shakira,En Tus Pupilas,latin,hip hop,hip hop,latin
TRGJXTC128F4278ECC,SONTHAL12A8C135908,AR6PJ8R1187FB5AD70,Shakira,Que Me Quedes Tu,latin,hip hop,hip hop,latin
TRQEQHH12903CA6CE5,SODBAHE12A8C132D34,AR6PJ8R1187FB5AD70,Shakira,Sombra De Ti,latin,hip hop,latin,latin
TRXMTST12903CCD9E1,SOPVLJP12A8C1358F4,AR6PJ8R1187FB5AD70,Shakira,Te Dejo Madrid,latin,hip hop,hip hop,reggae
TRAQEOP12903CA65E2,SONPFMD12AB017C1B3,AR6PJ8R1187FB5AD70,Shakira,Tú,latin,hip hop,hip hop,reggae
TRSRORJ128E0791C74,SOMBFMU12A670214E6,ARDCFNZ1187FB3DDB0,Enrique Iglesias,La Chica De Ayer,latin,pop,reggae,hip hop
TRYDDZE128F92F3B79,SOFBLLI12A58A7D19C,ARDCFNZ1187FB3DDB0,Enrique Iglesias,Adicto,latin,hip hop,hip hop,latin
TREGBAS128F145EC8B,SOERVFF12A6D4F790F,ARDCFNZ1187FB3DDB0,Enrique Iglesias,Al Despertar,latin,latin,hip hop,hip hop
TRXQFEE128F145EC9A,SOJXCPV12A6D4F791D,ARDCFNZ1187FB3DDB0,Enrique Iglesias,Alguien Como Tú,latin,hip hop,hip hop,latin
TRZGBAF128F145ECA8,SOFAZCL12A58A79B38,ARDCFNZ1187FB3DDB0,Enrique Iglesias,Inalcanzable,latin,hip hop,hip hop,r&b/soul
TRUQGGJ128F427E02B,SOOHKUS12A8C13AB12,ARDCFNZ1187FB3DDB0,Enrique Iglesias,Lloro Por Ti,latin,hip hop,hip hop,latin
TRDEKRZ128E0791C7A,SOCPKAV12A670214EC,ARDCFNZ1187FB3DDB0,Enrique Iglesias,Mamacita,latin,hip hop,hip hop,latin
TRFFSMS128F428BC88,SOEMVNF12A8C13C53A,ARDCFNZ1187FB3DDB0,Enrique Iglesias,Miss You,latin,r&b/soul,hip hop,r&b/soul
TRUPWID128F4215874,SOPTXAZ12AF729F789,ARDCFNZ1187FB3DDB0,Enrique Iglesias,Para De Jugar,latin,hip hop,hip hop,reggae
TRIIBVP128E0792750,SOWFIVV12A6701FFBF,ARDCFNZ1187FB3DDB0,Enrique Iglesias,She Be The One,latin,r&b/soul,hip hop,pop
TRQMXBD128F145ECA2,SONBQQE12A6D4F7922,ARDCFNZ1187FB3DDB0,Enrique Iglesias,Trapecista,latin,hip hop,hip hop,reggae
TREGRRQ128F145EC8D,SOMRUDM12A6D4F7911,ARDCFNZ1187FB3DDB0,Enrique Iglesias,Tu Vacio,latin,hip hop,hip hop,latin
TRLILBA128F42158A3,SOPPWVJ12A6D4F7915,ARDCFNZ1187FB3DDB0,Enrique Iglesias,Volveré,latin,hip hop,latin,latin
TRBFJPO128F4295BE3,SOZOEJC12CF5CFAD99,AR6PJ8R1187FB5AD70,Shakira,Estoy Aquí,latin,hip hop,reggae,latin
TRCLERB12903CBBC8D,SODKNST12D02193AD7,ARB054P1187B9AD32E,Santana,Life Is Anew,latin,r&b/soul,hip hop,hip hop
TRNXCMJ128F4295BC6,SOCYFSR12AB018C4AF,AR6PJ8R1187FB5AD70,Shakira,Donde Estas Corazon,latin,hip hop,hip hop,latin
TRNXJGR128F93044E7,SOUGMXP12AB017C76C,AR6PJ8R1187FB5AD70,Shakira,Octavo Día,latin,hip hop,hip hop,latin
TRJHDIB128F92E5849,SOVJQJJ12A8C1448E7,AR6PJ8R1187FB5AD70,Shakira,Te Necesito,latin,hip hop,hip hop,reggae
TRYQVKS128F4259A11,SOXVXZS12AF72ABF9F,ARB054P1187B9AD32E,Santana,Evil Ways,latin,r&b/soul,hip hop,pop
TRSOTQI128E0789132,SOURGXB12A6701F9E5,ARJW1SP1187FB4CA51,Pink Martini,Anna (el negro zumbon),latin,r&b/soul,r&b/soul,hip hop
TRZHOUV128F9316269,SOIYPYO12AB017C8BE,ARJW1SP1187FB4CA51,Chavela Vargas,Piensa en mi,latin,pop,hip hop,reggae
TRPXMGA128F42A98BA,SOGHCII12D021B3225,ARB054P1187B9AD32E,Santana,Esperando,latin,hip hop,hip hop,jazz
TRBYMWR128F425DD8E,SOMNTDT12A8AE47628,AR65K7A1187FB4DAA4,Beyoncé,Beautiful Liar (Bello Embustero),latin,latin,hip hop,pop
TRPAZDJ128F42881A1,SOGAFMO12D02199AD2,ARYN2M61187B995BD6,Juanes,Rosario Tijeras,latin,pop,reggae,hip hop
TRHZGZO128F9341C4A,SOAUETF12D02199708,ARLUF1T1187FB3603B,Ricardo Arjona,Animal Nocturno,latin,hip hop,hip hop,hip hop
TRDFNLR12903CB0FE4,SOFDJSB12AB0183B5B,ARGN0KR1187B991A99,Camila,Alejate De Mi,latin,hip hop,latin,latin
TROBWIG12903CB0FD7,SODWRNB12AB0183B3B,ARGN0KR1187B991A99,Camila,Entre Tus Alas,latin,hip hop,hip hop,latin
TRDWUTF12903CA9249,SODRAIV12A8C1430AB,ARGN0KR1187B991A99,Camila,Me Basto,latin,hip hop,hip hop,reggae
TRCRNBS128F9347F55,SOTOLCQ12AF729AC84,ARGN0KR1187B991A99,Camila,Va Para Ti,latin,latin,pop,latin
TRDYKYQ12903CAD2B8,SOCDZHG12A58A81315,AR81DGA1187B9A0A43,Reik,Fui,latin,hip hop,hip hop,hip hop
TRAYQRI12903CAD2A1,SOFPPPB12AB018BB18,AR81DGA1187B9A0A43,Reik,Ilusionado,latin,hip hop,latin,hip hop
TRGFMTT12903CAD2A2,SOIKGCB12AF72A11C6,AR81DGA1187B9A0A43,Reik,Piel De Ciudad,latin,hip hop,hip hop,latin
TRJXNZL128F92E54EE,SOQUZCC12A8C140463,AR81DGA1187B9A0A43,Reik,Quedate,latin,hip hop,latin,hip hop
TRDOVAF128F93112F7,SOLRFDT12AB0183B0D,ARU3BQ91187FB5A3D6,Animal Collective,Brother Sport,latin,r&b/soul,pop,r&b/soul
TRVPMSA128F9331D03,SOJQZHG12AB0185EAB,ART5MUE1187B98C961,Metallica,The Prince,metal,hip hop,r&b/soul,r&b/soul
TRPCZPE12903CAF5BD,SOAVPPJ12A8C13EFBC,ARC9CR51187FB51A13,Avenged Sevenfold,Second Heartbeat,metal,r&b/soul,hip hop,hip hop
TRNUDHG12903CAF56B,SOLFXQT12A8C13E06C,ARC9CR51187FB51A13,Avenged Sevenfold,To End The Rapture,metal,r&b/soul,hip hop,metal
TRJAABI12903CF759F,SOKACRK12AC90759DA,ARJ94571187B98C352,blessthefall,Witness,metal,r&b/soul,hip hop,hip hop
TRREMAP128F42983BD,SOWEDJU12D02198FF6,ARU6HMT1187FB38801,HIM,Heartache Every Moment,metal,r&b/soul,hip hop,hip hop
TRFRDZW128F429C337,SOAVNID12A8C13B197,ARU6HMT1187FB38801,HIM,Sigillum Diaboli,metal,r&b/soul,r&b/soul,hip hop
TRHVUCJ128F934B68C,SOPDMDM12A8C132ABD,ARWMY7E1187B9B7049,As I Lay Dying,Refined By Your Embrace,metal,hip hop,r&b/soul,hip hop
TRIBZVH128F934B68D,SOWJVZY12A8C132AC2,ARWMY7E1187B9B7049,As I Lay Dying,The Innocence Spilled,metal,r&b/soul,hip hop,hip hop
TRZOLOQ128F428FA00,SOHEPVU12A8C13A03D,ARMGBBW1187FB4A7A0,August Burns Red,An American Dream,metal,r&b/soul,hip hop,hip hop
TRFQWAQ128F14B084D,SOLXNXB12A6D4FBCDA,ARPFK3E1187B9A43BF,Underoath,The Changing Of Times,metal,r&b/soul,hip hop,hip hop
TRLKWJA128F92E154E,SOFDWFR12A58A77D46,ARLHB6B1187B9B1B14,Haste The Day,Autumn,metal,hip hop,electronic,hip hop
TRNQSWR128EF34375F,SOWHMAY12A67ADD2E3,ARLHB6B1187B9B1B14,Haste The Day,Chorus Of Angels,metal,hip hop,r&b/soul,electronic
TRGQLSE128F93257D8,SOUZNST12A58A7EF1D,ARQETJY1187FB3FE74,Demon Hunter,Follow The Wolves,metal,hip hop,hip hop,r&b/soul
TRCAWAA128F93257D1,SOCLOSW12AB0187E07,ARQETJY1187FB3FE74,Demon Hunter,I Am You,metal,r&b/soul,hip hop,hip hop
TRWPRIF128EF34B8F8,SOXZKPU12AF72AAB3B,ARQETJY1187FB3FE74,Demon Hunter,The Science Of Lies,metal,r&b/soul,hip hop,hip hop
TRKLLYD128F4273FF4,SOHRFIP12A8C12FFD1,AR8DTVF1187B9AA292,Ozzy Osbourne,Slow Down,metal,r&b/soul,hip hop,hip hop
TRQJQNX128F4266704,SOEVNLW12A8C13401E,AR8DTVF1187B9AA292,Ozzy Osbourne,Steal Away (The Night),metal,r&b/soul,hip hop,hip hop
TRYIKZR128E0783C64,SOBEOHW12AF72A5BFC,AR98JLC1187B9ADE23,Megadeth,Black Curtains (2004 Digital Remaster),metal,hip hop,r&b/soul,hip hop
TRIOZOZ128F92FA0C2,SOVOXQN12A3F1EC5FA,AR98JLC1187B9ADE23,Megadeth,Die Dead Enough,metal,hip hop,hip hop,r&b/soul
TRUHHWN128F93045BA,SOKAEJQ12AB0181294,ARVSQHB1187B992FF0,Drowning Pool,Bodies,metal,r&b/soul,hip hop,r&b/soul
TRJHNLI128F934B2CA,SONCWXR12D021B1283,AR5Z3L01187B99C5A9,Cannibal Corpse,Rotting Head,metal,hip hop,hip hop,r&b/soul
TRQGFHN128F428643E,SOVKLCX12A8C13860D,AR0KBXO1187B996460,Slipknot,Gehenna,metal,r&b/soul,hip hop,r&b/soul
TRHCDHI128F92C4B9B,SOOHRVS12AF729C881,AR0KBXO1187B996460,Slipknot,[sic] [Explicit],metal,r&b/soul,hip hop,r&b/soul
TRVHKNP128F429DDCE,SOENNBZ12A58A7B5A7,ARK9TRQ1187B99C095,Nine Inch Nails,Gunshots by Computer,metal,r&b/soul,hip hop,hip hop
TREFLCZ128F4236589,SOJKLWM12A81C23BBC,ARDQ9AP1187B9BA3F6,Killswitch Engage,Hope Is... (Album Version),metal,r&b/soul,electronic,latin
TRQFRJG128F4260199,SOVJLIF12A8C137957,ARHXK5N1187B98F942,Opeth,The Moor,metal,r&b/soul,hip hop,hip hop
TRMFSTL128F427B6C1,SOIXQXH12A8C135FC8,ARMOHN71187FB3959F,Atreyu,This Flesh A Tomb (Instrumental Version),metal,r&b/soul,hip hop,hip hop
TRALERK12903CDCAFD,SOZABYO12A8C143546,ARWMFZH11C8A4219E0,For Today,A Higher Standard,metal,r&b/soul,hip hop,electronic
TRDIJKP12903CDCAF4,SOATHYW12A8C143527,ARWMFZH11C8A4219E0,For Today,Redemption,metal,r&b/soul,hip hop,hip hop
TRZQYIJ128F92E7F49,SOYPYRU12AB017F852,ARVJR1N1187FB4144A,Lamb Of God,We Die Alone (Bonus Track),metal,r&b/soul,electronic,hip hop
TRMYVVL128F92E865E,SODLQJO12A8C139576,ARWIA8D1187B990A0C,STRATOVARIUS,Elements,metal,r&b/soul,hip hop,hip hop
TRIKFKO128F426A6FC,SORDWWC12A8C13AA28,ARWIA8D1187B990A0C,STRATOVARIUS,Know The Difference,metal,r&b/soul,hip hop,pop
TRJAFPP128F426AB25,SOXHFBO12A8C13132A,AR9C8IE1187B9ACC99,System of a Down,Peephole,metal,hip hop,r&b/soul,rock
TRYMCCD128F421CD27,SOPTZIL12A6D4FD7AC,ARR057Y1187B9A16E7,Children Of Bodom,Hellhounds on My Trail,metal,r&b/soul,hip hop,hip hop
TRVIFKS128F426813A,SOKVYHH12A81C22CC4,ARR057Y1187B9A16E7,Children Of Bodom,No Commands,metal,r&b/soul,hip hop,latin
TRLHJMW128F1493BA1,SOZUQLN12A5891F885,AR4KS8C1187FB4CF3D,Tori Amos,Mother (2006 Remastered Alternate Mix),metal,r&b/soul,hip hop,hip hop
TRZGXNM128F1451ADF,SOGGUIK12A6D4F5F5B,ARHTAPO1187FB5AADE,Iron Maiden,Lord Of The Flies (Live In Dortmund),metal,r&b/soul,hip hop,hip hop
TROGUOT128F147F39A,SOPFDRI12A6D4F83F4,ARHTAPO1187FB5AADE,Iron Maiden,Phantom Of The Opera (Live) (1998 Digital Remaster),metal,r&b/soul,hip hop,hip hop
TRJYSJS128EF356B75,SOTFXJB12A58A7692B,ARQATWU1187B98EE26,Ill Niño,Re-Birth,metal,r&b/soul,hip hop,pop
TRSUANW128F930BD52,SOHWQLM12AB017E46B,ARDZQ7Z1187B99711A,Kamelot,This Pain,metal,r&b/soul,hip hop,hip hop
TRRIRCF128F426A606,SOFRVOH12A8C132F50,ARXPPEY1187FB51DF4,Michael Jackson,You Are Not Alone,pop,r&b/soul,hip hop,hip hop
TREUPHA128F4278F34,SOTLPVB12CF5CFD7F3,ARXPPEY1187FB51DF4,Michael Jackson,Baby Be Mine,pop,r&b/soul,hip hop,hip hop
TRQAWKR128F425EEC3,SOFHEBR12CF5F892C7,ARXPPEY1187FB51DF4,Michael Jackson,Man In The Mirror,pop,r&b/soul,hip hop,hip hop
TRCYAYD128F92F3758,SODIHGW12CF5F88001,ARXPPEY1187FB51DF4,Michael Jackson,Why You Wanna Trip On Me,pop,r&b/soul,r&b/soul,pop
TRGJXNX128F92F8757,SOEURRQ12D02194749,ARORMBJ1241B9CDB1A,Ke$ha,TiK ToK,pop,r&b/soul,hip hop,hip hop
TRNQDAJ128F92F4AE0,SOQDMKM12A58A7A9B2,ARF5M7Q1187FB501E8,Maroon 5,Nothing Lasts Forever,pop,r&b/soul,hip hop,hip hop
TRHKYKI128E07921BC,SOPOYAC12D021B2BE2,ARDCFNZ1187FB3DDB0,Enrique Iglesias,Roamer,pop,hip hop,hip hop,r&b/soul
TRTJYFF128F9340CA9,SOYXNXN12A8C131F3D,ARML3X41187FB35F2E,Jason Mraz,Live High (Album Version),pop,r&b/soul,electronic,hip hop
TRMBGMX128F92FD769,SOREOCT12AB0184E18,ARKSZW81187B9B695D,Mariah Carey,Did I Do That?,pop,r&b/soul,hip hop,hip hop
TRWMZQL128F9306DCB,SOQWWOQ12AAF3B22EA,ARKSZW81187B9B695D,Mariah Carey,I'll Be There,pop,r&b/soul,hip hop,hip hop
TRRIZDV128F92C1F17,SOBQRXD12A8C13FB26,ARBAW9R1187B98FB6B,Natasha Bedingfield,I Think They're Thinking - Interlude,pop,hip hop,r&b/soul,hip hop
TREXAZN128F425A825,SOUPUNL12A8AE48502,ARBAW9R1187B98FB6B,Natasha Bedingfield,Silent Movie,pop,r&b/soul,hip hop,r&b/soul
TRFYGMB128F425A7A2,SOXDIRH12A8AE45FD5,ARBAW9R1187B98FB6B,Natasha Bedingfield,Stumble,pop,r&b/soul,hip hop,r&b/soul
TRSRDVR128F92E6CF4,SOIXPFM12AF72A3189,ARDCFNZ1187FB3DDB0,Enrique Iglesias,Heroe,pop,hip hop,r&b/soul,r&b/soul
TRNHATG128F428BC8A,SOVSGRO12A8C138859,ARDCFNZ1187FB3DDB0,Enrique Iglesias,Little Girl,pop,hip hop,r&b/soul,r&b/soul
TREMCSO128F4215877,SOSVMLR12A6D4F7921,ARDCFNZ1187FB3DDB0,Enrique Iglesias,Ruleta Rusa,pop,hip hop,reggae,latin
TRMMVPU128F145EC99,SOTTMRS12A6D4F791C,ARDCFNZ1187FB3DDB0,Enrique Iglesias,Contigo,pop,hip hop,latin,hip hop
TRFKPYW128F92F21C5,SOJHZAT12D02198B73,AR6PJ8R1187FB5AD70,Shakira,Años Luz,pop,hip hop,hip hop,latin
TRCUKHR128F92DF656,SOCWCZN12A8C14388F,ARQ32IT1187FB589D3,Sara Bareilles,Love Song,pop,r&b/soul,hip hop,hip hop
TRDLWAP128F428F6B9,SORXKZB12AF72A1F72,AR0S7TA1187FB4D024,Christina Aguilera,Candyman,pop,r&b/soul,hip hop,hip hop
TRPEWXU12903CE6EA2,SONLEKN12AC9618818,ARVOZXD12454A4CC66,Selena Gomez & The Scene,Tell Me Something I Don't Know,pop,r&b/soul,r&b/soul,hip hop
TRAYJOF128F92F9EEA,SOAYXCJ12AB0183822,ARJGIOD1187B9AE920,Kelly Clarkson,Cry,pop,r&b/soul,hip hop,hip hop
TRARKBB128F92E9468,SORUPLB12A8C14211F,ARFWL8S1187B9B4B44,Céline Dion,Zora sourit,pop,r&b/soul,hip hop,hip hop
TRFBXJZ128F92D25C0,SOZGQFY12A8C140D8B,ARUFTTR1187FB3A4B0,Newsboys,Dance,pop,r&b/soul,hip hop,hip hop
TRICXDK128F92CBC3C,SOXWHWP12A8C1440F8,ARFWL8S1187B9B4B44,Céline Dion,Partout Je Vois,pop,r&b/soul,hip hop,hip hop
TRZNHJN128F4293FC2,SOVODWN12D02199268,ARJGIOD1187B9AE920,Kelly Clarkson,Anytime,pop,r&b/soul,hip hop,hip hop
TRPKKZG128F92E495A,SOODGZY12A8C141F44,ARQEBGJ122E6447D2B,Edward Sharpe & The Magnetic Zeros,Simplest Love,pop,r&b/soul,r&b/soul,hip hop
TRVPPSC128F92EC9C2,SORRVTP12A8C13FFAF,ARQ2I6K1187FB59949,Colbie Caillat,Midnight Bottle,pop,r&b/soul,hip hop,hip hop
TRCJADX128F428D3E0,SOKPSGM12A8C1381DE,AR03BDP1187FB5B324,Britney Spears,Let Me Be,pop,r&b/soul,hip hop,hip hop
TRKJKJV128F425E247,SOEMDUJ12A8AE460E2,ARW9FP41187B98C2A7,Annie Lennox,Big Sky,pop,r&b/soul,hip hop,hip hop
TRXMQNH128F4287D61,SOSHPHO12A58A7D1F5,AR30R5E1187B9AD78A,Whitney Houston,Thinking About You,pop,r&b/soul,hip hop,r&b/soul
TRXXPYK128F14805B7,SOYLXQZ12A6D4F99CA,AR9W3X91187FB3994C,Phil Collins,A Groovy Kind Of Love (Live),pop,r&b/soul,hip hop,r&b/soul
TRGQFUZ128F92ED646,SORBUNE12AB017CDD2,AR65K7A1187FB4DAA4,Beyoncé,That's Why You're Beautiful,pop,r&b/soul,pop,hip hop
TRPAJJF128F428D18A,SOIHYXH12D0219A26C,AR30R5E1187B9AD78A,Whitney Houston,Step By Step,pop,hip hop,r&b/soul,hip hop
TRLPDIB128F42289CC,SOOVOWN12A8AE46AA6,AR03BDP1187FB5B324,Britney Spears,Piece Of Me (Main Version),pop,r&b/soul,hip hop,r&b/soul
TRJTTMZ128F930924B,SOLDVYF12AB017D892,AR03BDP1187FB5B324,Britney Spears,Can't Make You Love Me,pop,r&b/soul,hip hop,hip hop
TRKGGHK128F42999EF,SOQBVLW12A8C13B29C,AR03BDP1187FB5B324,Britney Spears,Girl In The Mirror,pop,r&b/soul,hip hop,hip hop
TRLTYLK128F92FE6FF,SOWVIEO12AB0182D10,AR03BDP1187FB5B324,Britney Spears,Radar,pop,r&b/soul,hip hop,hip hop
TRNEGIP128F4296261,SOGQSNV12A8C139B54,AR03BDP1187FB5B324,Britney Spears,When Your Eyes Say It,pop,r&b/soul,hip hop,hip hop
TRUWOUE128F14867BF,SOAEEWF12A6D4FAD71,AR6LZB61187B9AF431,Depeche Mode,Precious (Live In Milan),pop,r&b/soul,hip hop,hip hop
TRFJKWU12903CC37B1,SOLXVSH12AB018BE14,AR5K3CW1187FB45B46,Crystal Castles,Insectica,punk,hip hop,r&b/soul,hip hop
TRVEUUV128F428AB29,SOEFPNV12A8C13A346,ARACDPV1187FB58DF4,Motion City Soundtrack,Cambridge (Album Version),punk,r&b/soul,hip hop,hip hop
TRMZJSE12903D00E60,SOZGAOO12AB017EBA2,ARACDPV1187FB58DF4,Motion City Soundtrack,Disappear,punk,hip hop,r&b/soul,r&b/soul
TRIGZIY128F42348C1,SOWMAZE12A58A79390,ARACDPV1187FB58DF4,Motion City Soundtrack,Fell in Love Without You (Cd),punk,r&b/soul,hip hop,hip hop
TRZGUYI128F42368DF,SOGAERS12A58A7F67D,ARACDPV1187FB58DF4,Motion City Soundtrack,Point Of Extinction (Cd),punk,r&b/soul,hip hop,hip hop
TRJQRJO12903D00E65,SOBMDGH12AC3DF9D80,ARACDPV1187FB58DF4,Motion City Soundtrack,Stand Too Close,punk,r&b/soul,hip hop,hip hop
TRQMNKZ12903D00E5B,SOSEINE12AC3DF608E,ARACDPV1187FB58DF4,Motion City Soundtrack,Worker Bee,punk,hip hop,hip hop,r&b/soul
TRMZSJY128F4255BE9,SOGKVVX12A81C224D1,ARNBMT71187B993523,Interpol,Mind Over Time,punk,r&b/soul,hip hop,punk
TRVQHEV128F4259AB2,SOYQVWF12D0219A2C4,AR13CXU1187B9AD30A,The Clash,I Fought The Law,punk,r&b/soul,hip hop,hip hop
TRVMLEW128F425A82D,SOFEOUD12D021B1FC4,AR13CXU1187B9AD30A,The Clash,The Magnificent Seven,punk,r&b/soul,hip hop,pop
TRWVZBZ128F1462E08,SOKLVHU12A6D4F4778,AR048JZ1187B9AEB85,Yellowcard,Believe,punk,r&b/soul,hip hop,hip hop
TRQYGUV128F1462E01,SOTEFLI12A6D4F4771,AR048JZ1187B9AEB85,Yellowcard,Empty Apartment,punk,r&b/soul,hip hop,r&b/soul
TRBKLDM128F427D0DA,SOMGXHN12A58A7929F,ARZWK2R1187B98F09F,Rise Against,But Tonight We Dance,punk,r&b/soul,hip hop,hip hop
TRKSDBX128F9345DC9,SOZQVQL12AB01860A8,ARZWK2R1187B98F09F,Rise Against,Faint Resemblance,punk,r&b/soul,hip hop,r&b/soul
TRMGOLR128F933A7DB,SOYDERO12A6D4F72BC,ARZWK2R1187B98F09F,Rise Against,Survive,punk,r&b/soul,hip hop,electronic
TRFNVPY128F92D2626,SOUKLPY12A8C1451A8,ARZWK2R1187B98F09F,Rise Against,The Dirt Whispered,punk,hip hop,r&b/soul,hip hop
TRPSYVF128F428A446,SOQAAVL12A8C13C158,ARP28RX1187B9AF6C4,The Offspring,Get It Right (Album Version),punk,r&b/soul,hip hop,hip hop
TROGTUS128F932D6CB,SOSVNOS12AB01831D7,ARP28RX1187B9AF6C4,The Offspring,Want You Bad,punk,r&b/soul,hip hop,r&b/soul
TRZVPFY128F92E19DF,SOPXOZV12AAF3B462D,ARP28RX1187B9AF6C4,The Offspring,Staring At The Sun,punk,r&b/soul,hip hop,hip hop
TRGAEVY128F428BEF6,SOWLEBB12A8C13972F,AR46CAD1187FB4D84B,Bad Religion,Operation Rescue,punk,r&b/soul,hip hop,hip hop
TRPTWJT128F422F239,SOAOSYE12A6D4FB832,AR10USD1187B99F3F1,Silverstein,When Broken Is Easily Fixed (Album Version),punk,r&b/soul,r&b/soul,pop
TRPYGVQ128E078EFE9,SOEDBQL12A670213B3,ARWA6NT1187FB3F15C,The Cure,Want,punk,r&b/soul,hip hop,r&b/soul
TRJNMGP128F92E0427,SOGXZZI12AAF3B2704,AR8UICP11C8A4154FD,Hey Monday,Josey,punk,r&b/soul,hip hop,electronic
TRVWMAR128F425A2DA,SOMFMFC12A8AE45B47,AR13CXU1187B9AD30A,The Clash,1-2 Crush On You,punk,hip hop,r&b/soul,r&b/soul
TRCKZBM128F425A2DD,SOJPDPR12A8AE45B50,AR13CXU1187B9AD30A,The Clash,Brand New Cadillac,punk,r&b/soul,hip hop,blues
TRCFCHA128F4259A75,SORYRRU12A8AE45B60,AR13CXU1187B9AD30A,The Clash,Cool Confusion,punk,r&b/soul,hip hop,hip hop
TRYSJKQ128F4259A73,SOKVAFU12A8AE46882,AR13CXU1187B9AD30A,The Clash,First Night Back In London,punk,r&b/soul,hip hop,hip hop
TRAQKVC128F425E65C,SOUTRYP12A8AE46BC6,AR13CXU1187B9AD30A,The Clash,Inoculated City,punk,r&b/soul,hip hop,hip hop
TRUASIU128F425A1D7,SOKPHTL12A8AE47058,AR13CXU1187B9AD30A,The Clash,Lost In The Supermarket,punk,hip hop,hip hop,r&b/soul
TROLGMC128F4259BB8,SOMAATM12A8AE45E6A,AR13CXU1187B9AD30A,The Clash,Overpowered By Funk,punk,r&b/soul,hip hop,hip hop
TRMQMTC128F428A516,SOSTMID12A8C13A27B,AR46CAD1187FB4D84B,Bad Religion,Automatic Man (Album Version),punk,r&b/soul,hip hop,pop
TRQENBA128F426093C,SOQLMHB12A8C1384BF,AR46CAD1187FB4D84B,Bad Religion,Chimaera (Album Version),punk,r&b/soul,hip hop,hip hop
TRJCXHB128F428AC5B,SOLDKOL12A8C1392D1,AR46CAD1187FB4D84B,Bad Religion,Damned to Be Free (Album Version),punk,r&b/soul,hip hop,hip hop
TRHWAPL128F428BEEE,SOSHLOP12A8C13971C,AR46CAD1187FB4D84B,Bad Religion,Get Off,punk,r&b/soul,hip hop,hip hop
TRHYIAH128F14825EC,SOLIECS12A6310F220,AROBHK51187B9AD82B,Funeral For A Friend,Juneau,punk,hip hop,r&b/soul,rock
TRWMODL128F92E7E2A,SOLOBYS12AB017B614,ARUUP451187B9AF56E,Wire,Another The letter,punk,hip hop,pop,r&b/soul
TRABGYE128E078278A,SODQTSE12A6310D90B,ARUUP451187B9AF56E,Wire,Strange,punk,hip hop,hip hop,r&b/soul
TRBAQPR128F92F4AB0,SODLLJJ12A8C141D54,ARDT4K91187FB53602,The Wonder Years,Dude_ What Is a Land Pirate?,punk,r&b/soul,hip hop,r&b/soul
TRVOTRF128F148AE44,SOYCTSV12A6D4FB43C,ARMKNC21187FB4696B,Dashboard Confessional,Again I Go Unnoticed,punk,r&b/soul,hip hop,hip hop
TRRERUT128F1477144,SOWSXYV12A58A7CCC3,ARMKNC21187FB4696B,Dashboard Confessional,Carry This Picture,punk,r&b/soul,hip hop,hip hop
TRHGTHE128F428B4C3,SOVJEHL12A8C13B495,ARPDVPJ1187B9ADBE9,Usher,U R The One,r&b/soul,r&b/soul,hip hop,hip hop
TREIEOO128F42B0099,SOJPTRM12A8C14003B,ARXOTQH1187FB57084,Chris Brown,Ain't No Way (You Won't Love Me),r&b/soul,r&b/soul,hip hop,r&b/soul
TRRZSBO128F428BE44,SOGEKBX12A8C13ACE1,ARPDVPJ1187B9ADBE9,Usher,Nice & Slow,r&b/soul,r&b/soul,hip hop,r&b/soul
TRMZSRG128F428BE3F,SOPEKWP12A8C138692,ARPDVPJ1187B9ADBE9,Usher,Roni,r&b/soul,r&b/soul,hip hop,hip hop
TRENECR128F92DAC48,SOOPTMD12A8AE46BFE,ARXOTQH1187FB57084,Chris Brown,Damage,r&b/soul,r&b/soul,hip hop,hip hop
TRIAONH128F9340E62,SOCTATF12A58A77508,ARXOTQH1187FB57084,Chris Brown,Gotta Be Ur Man,r&b/soul,r&b/soul,hip hop,hip hop
TRFBNCQ128F9302AD9,SORWAEG12AB0181063,ARCGJ6U1187FB4D01F,Akon,Birthmark,r&b/soul,r&b/soul,hip hop,r&b/soul
TRPZAPZ128F9341D3E,SOUFNEL12D021B2AEB,ARLMXEA1187B9A7D04,R. Kelly,Don't You Say No,r&b/soul,r&b/soul,hip hop,r&b/soul
TRGHYGG12903CAC100,SORLWRB12D02199388,ARLMXEA1187B9A7D04,R. Kelly,Kickin' It With Your Girlfriend,r&b/soul,r&b/soul,hip hop,hip hop
TRNEYNN128F92C21F7,SOZEFCO12D02193313,ARLMXEA1187B9A7D04,R. Kelly,Rise Up,r&b/soul,r&b/soul,hip hop,hip hop
TRRSRXG128E07888AF,SOTFWWF12A67020F44,ARKSZW81187B9B695D,Mariah Carey,Joy Ride,r&b/soul,r&b/soul,hip hop,r&b/soul
TRONPIZ128F1454219,SOKLOOH12A6D4F6EED,ARKSZW81187B9B695D,Mariah Carey,Sprung,r&b/soul,r&b/soul,hip hop,r&b/soul
TRJKYAO128F427420D,SOSEWHU12A8AE484E5,ARKSZW81187B9B695D,Luther Vandross,Never Too Much,r&b/soul,r&b/soul,hip hop,hip hop
TRYGRKO128F9343244,SOMBFBA12A8C13D236,ARLMXEA1187B9A7D04,R. Kelly,Chocolate Factory,r&b/soul,r&b/soul,hip hop,hip hop
TROIJDA128F9341E70,SOCUXGX12A8C13B78C,ARLMXEA1187B9A7D04,R. Kelly,I Mean (I Don't Mean It),r&b/soul,r&b/soul,r&b/soul,hip hop
TRXTJGV12903CAC0F8,SOJYYAN12A58A790B1,ARLMXEA1187B9A7D04,R. Kelly,In The Kitchen,r&b/soul,r&b/soul,hip hop,hip hop
TRTWRQD12903CA9E3B,SOCDGAR12AB018CE44,AR52EZT1187B9900BF,Alicia Keys,Distance And Time,r&b/soul,r&b/soul,hip hop,r&b/soul
TRWPMRK12903CCDA98,SOWGUXF12AB0185700,AR52EZT1187B9900BF,Alicia Keys,Lover Man,r&b/soul,r&b/soul,hip hop,pop
TRMTTBA128F429A7EC,SOSYUFF12A8C13C104,AR52EZT1187B9900BF,Alicia Keys,Nobody Not Really (Interlude),r&b/soul,hip hop,hip hop,hip hop
TRWCVWH128F4284EE5,SOIYWLQ12AF729E318,AR52EZT1187B9900BF,Alicia Keys,Piano & I,r&b/soul,r&b/soul,r&b/soul,hip hop
TRQQLZD128F425E9BC,SOYSABZ12A58A7CAE3,AR52EZT1187B9900BF,Alicia Keys,Tell You Something (Nana's Reprise),r&b/soul,r&b/soul,r&b/soul,hip hop
TREAJBV12903CCDA96,SOVRMZU12AB017FE90,AR52EZT1187B9900BF,Alicia Keys,Try Sleeping With A Broken Heart,r&b/soul,r&b/soul,hip hop,r&b/soul
TRDFWVZ128F4284EF0,SODFKEG12AF72A4E66,AR52EZT1187B9900BF,Alicia Keys,Why Do I Feel So Sad,r&b/soul,r&b/soul,hip hop,r&b/soul
TRFRUCJ128F4284EF2,SOKILIB12D021B411C,AR52EZT1187B9900BF,Alicia Keys,Lovin U,r&b/soul,r&b/soul,hip hop,r&b/soul
TRXONIT128F9355F39,SOMSIJG12AF72AD5CE,ARQFENL121318C58A6,Jeremih,My Ride,r&b/soul,hip hop,r&b/soul,hip hop
TRURHNH128F9355F33,SONEKBK12AB017C335,ARQFENL121318C58A6,Jeremih,Starting All Over,r&b/soul,r&b/soul,hip hop,hip hop
TRBVOUE128F92F4B3E,SOLYDSR12D021902F1,ARIL5841187FB5C061,Duffy,Oh Boy,r&b/soul,hip hop,r&b/soul,hip hop
TRTAKII128F92E4449,SOKHIOI12A8C141E73,AR9B7FG1187B9A5C96,Jay Sean,Maybe,r&b/soul,r&b/soul,hip hop,hip hop
TRSHMDQ128F422C1D6,SOZBCSN12A8AE46F93,AR9B7FG1187B9A5C96,Jay Sean,Stuck In the Middle,r&b/soul,r&b/soul,hip hop,hip hop
TRENMSO128F42AF485,SOUXXLG12A8C13EB34,AR8DTD41187FB51ED9,Fantasia,Bump What Your Friends Say,r&b/soul,r&b/soul,hip hop,hip hop
TRTSASI12903CC26E8,SOUSVDG12AB018B099,AR20CFC1187B98A25D,Ray Charles,Smack Dab In The Middle,r&b/soul,r&b/soul,hip hop,hip hop
TRNZNSR128F429F04B,SOIFMOR12A8C13C0CD,AR20CFC1187B98A25D,Ray Charles,Don't You Know,r&b/soul,r&b/soul,hip hop,hip hop
TRWFFHM128F92F99C4,SOJVLDB12AB017ACC4,ARZCS0M1187FB52EAB,Chrisette Michele,All I Ever Think About,r&b/soul,r&b/soul,hip hop,r&b/soul
TRDIOJU128F931BF15,SOPGSCU12D0219384E,ARRZUPG11F43A69EF7,Jackson 5,(You Were Made) Especially For Me,r&b/soul,r&b/soul,hip hop,r&b/soul
TRGYQBU128F9342C87,SONQNNF12D021B4C46,ARRZUPG11F43A69EF7,Jackson 5,I Was Made To Love Her,r&b/soul,r&b/soul,hip hop,hip hop
TRVBSAC128F42B6438,SOAPRQO12AF72A2410,ARRZUPG11F43A69EF7,Jackson 5,Bridge Over Troubled Water,r&b/soul,hip hop,r&b/soul,hip hop
TRHTGXF128F931BEE7,SOVJMLE12AB01848BF,ARRZUPG11F43A69EF7,Jackson 5,Goin' Back To Indiana,r&b/soul,hip hop,hip hop,r&b/soul
TRULIIL128F4228AC8,SOHQSLE12A6D4FD852,ARRZUPG11F43A69EF7,Jackson 5,Lookin' Through The Windows,r&b/soul,r&b/soul,rock,hip hop
TRTKNDU128EF3517DF,SOHAESY12A6D223C62,ARRZUPG11F43A69EF7,Jackson 5,You've Changed,r&b/soul,r&b/soul,hip hop,pop
TRQBNNZ128F92D4F35,SONSXHN12A58A7B790,ARNQKXK1187B99EFDA,Jazmine Sullivan,Switch!,r&b/soul,r&b/soul,hip hop,hip hop
TRTYGWW128E0794FA2,SOXJKGU12A67ADA1C9,ARIPLUN1187B99B9F9,The Police,One World (Not Three),reggae,hip hop,hip hop,r&b/soul
TRKHTKI128F92EA339,SOSDIHQ12A8C13C23F,AR6J3X81187FB59A7B,Matisyahu,Close My Eyes,reggae,r&b/soul,hip hop,hip hop
TRACTLX128F42A51F6,SOWXKLQ12A8C13C221,AR6J3X81187FB59A7B,Matisyahu,Exaltation,reggae,r&b/soul,hip hop,hip hop
TRHQAPS128F42A51F4,SOSWVVV12A8C13C21C,AR6J3X81187FB59A7B,Matisyahu,Fire and Heights,reggae,r&b/soul,hip hop,hip hop
TRWMHCZ128F42AE295,SOPJZCC12A8C13FF7B,AR6J3X81187FB59A7B,Matisyahu,Jerusalem,reggae,r&b/soul,hip hop,hip hop
TRMMTKA128F42A51E7,SOSCMSY12A8C13C1E9,AR6J3X81187FB59A7B,Matisyahu,Warrior,reggae,r&b/soul,hip hop,hip hop
TRPPHPV128F92F0750,SOMITIJ12AB017CAFA,ARW8F4B1187FB45EB4,Sublime,Don't Push,reggae,r&b/soul,hip hop,hip hop
TRZDKCU128F1456899,SOVEQJB12D0219AE54,ARW8F4B1187FB45EB4,Sublime,Pawn Shop,reggae,r&b/soul,hip hop,hip hop
TRQCFKA128F148A0D5,SOUEAIV12A6D4F9FC2,ARRYZN01187FB45757,Michael Franti & Spearhead,See you in the Light,reggae,r&b/soul,hip hop,hip hop
TRPPATZ128F428BA6E,SOFOGTV12A6D4F9FBE,ARRYZN01187FB45757,Michael Franti & Spearhead,Sweet Little Lies,reggae,r&b/soul,r&b/soul,pop
TRMVVWQ128F422BB64,SOLMWNS12A81C209CB,AR9NG3Y1187B9895EE,McFly,The Way You Make Me Feel,reggae,r&b/soul,hip hop,r&b/soul
TRRATGY12903D138DB,SOQQEZD12AC468BFC3,ARBNXYA1187FB51C50,Daddy Yankee,Grito Mundial,reggae,pop,reggae,hip hop
TRPSKLI128F425E42C,SOAUWMK12A8C136F49,ARD66TF1187B9A1670,tobyMac,Get This Party Started: Ghost Remix,reggae,hip hop,r&b/soul,hip hop
TRWQMVZ128E078F1F7,SOBPURX12D021B0F0F,ARAZCWP129462A97F1,Bob Marley & The Wailers,Africa Unite,reggae,r&b/soul,electronic,hip hop
TRHDTPQ128F147733A,SOLWOXW12D021B2450,ARAZCWP129462A97F1,Bob Marley & The Wailers,Could You Be Loved,reggae,r&b/soul,hip hop,pop
TRUVZTN128F424B846,SOLIWAK12D021B0CFA,ARAZCWP129462A97F1,Bob Marley,No Water,reggae,r&b/soul,hip hop,hip hop
TRGPDHJ128F14527D5,SOVKUMU12D0219A271,ARAZCWP129462A97F1,Bob Marley & The Wailers,One Love / People Get Ready,reggae,hip hop,r&b/soul,hip hop
TRHKHHL128F4251E2A,SOFLXLZ12D021B24CD,ARAZCWP129462A97F1,Bob Marley,Try Me,reggae,r&b/soul,pop,r&b/soul
TRAMTEH128F930D496,SOKVEKX12CF530D5AF,ARAZCWP129462A97F1,Bob Marley & The Wailers,Baby We've Got A Date (Rock It Baby),reggae,electronic,hip hop,electronic
TRCGRJV128F1477322,SOJPUXZ12CF5F8899E,ARAZCWP129462A97F1,Bob Marley & The Wailers,Johnny Was,reggae,r&b/soul,hip hop,pop
TRRVJJF128F9309F02,SOECMGI12CF530E4F3,ARAZCWP129462A97F1,Bob Marley,Riding High,reggae,r&b/soul,hip hop,hip hop
TRDXHIR128F930E030,SOZKMVA12CF5F87636,ARAZCWP129462A97F1,Bob Marley,Soul Shakedown,reggae,r&b/soul,r&b/soul,hip hop
TRDTEUX12903CB4AD7,SOQJCXI12CF5F883FC,ARAZCWP129462A97F1,Bob Marley & The Wailers,Trenchtown Rock,reggae,r&b/soul,hip hop,r&b/soul
TRVTZTY128E0781E22,SOQUOKX12A6310D863,ARNF13I1187FB562A5,Massive Attack,Eternal Feedback (Sly),reggae,r&b/soul,hip hop,hip hop
TRORKSH128F9320C21,SOOLUCH12A6310E8B5,ARAZCWP129462A97F1,Bob Marley & The Wailers,Black Progress,reggae,r&b/soul,hip hop,hip hop
TRGEMSN128E07944A8,SOKCEXR12A6701C3EB,ARAZCWP129462A97F1,Bob Marley & The Wailers,Reggae On Broadway,reggae,hip hop,hip hop,r&b/soul
TRQMVYN128F4250E38,SOPYZTH12A8C135090,ARAZCWP129462A97F1,Bob Marley,Rebels Hop,reggae,r&b/soul,hip hop,hip hop
TRDJCNG128F9339544,SOKMGXA12A8C1447B6,ARAZCWP129462A97F1,Bob Marley,Stop The Train,reggae,punk,hip hop,hip hop
TRVSWGN12903CB4A44,SOIVBAC12AB0186BFF,ARAZCWP129462A97F1,Bob Marley & The Wailers,This Train,reggae,hip hop,hip hop,r&b/soul
TRNJPBY128F92F621A,SOZQGAL12AB01856DB,ARLSC551187B99C55C,N-Dubz,Defeat You,reggae,hip hop,hip hop,r&b/soul
TRINMBD128F92F6211,SOBUZCT12AB0181786,ARLSC551187B99C55C,N-Dubz,Don't Get Nine,reggae,r&b/soul,hip hop,hip hop
TRRKBRB128EF35E2DA,SOPZQDB12A6D4F5D62,ARLSC551187B99C55C,N-Dubz,Feva Las Vegas,reggae,r&b/soul,hip hop,hip hop
TRYPJXU128F92F621C,SOQPAPP12AB01856E3,ARLSC551187B99C55C,N-Dubz,Secrets,reggae,r&b/soul,hip hop,hip hop
TRGNBCC128F92F6218,SOYFJUA12AB01856D2,ARLSC551187B99C55C,N-Dubz,Work Work,reggae,r&b/soul,hip hop,hip hop
TRDNAVT128F428A246,SOSCPLZ12A8C1394B1,ARD2NDU1187B99B615,Dropkick Murphys,Good Rats (Live),reggae,r&b/soul,pop,hip hop
TRRHCOS128F4248193,SOCUAWC12A8C1310A4,ARPK4HR1187B9A289D,Tito El Bambino,Sol_ Playa Y Arena,reggae,hip hop,pop,reggae
TRFGOUF128F9348838,SONUORR12AB018724D,AR1WWVL1187B9B0306,UB40,I Don't Want To See You Cry,reggae,r&b/soul,hip hop,hip hop
TRQLICG12903CBFAFD,SOGXHTF12A58A7C7E8,AR1WWVL1187B9B0306,UB40,Come Back Darling,reggae,r&b/soul,hip hop,hip hop
TREKDZI128F146A972,SOLFMIZ12A6D4F8330,AR1WWVL1187B9B0306,UB40,Here I Am (Come And Take Me),reggae,r&b/soul,r&b/soul,pop
TRJDXEG128E07820DB,SOZPNNF12A6310D8B1,AR1WWVL1187B9B0306,UB40,Light My Fire,reggae,r&b/soul,hip hop,pop
TRKHYKB128E0789D42,SOHQEMS12A6701C57C,ARJ7KF01187B98D717,Coldplay,Til Kingdom Come,rock,r&b/soul,hip hop,hip hop
TRDVELE128F932810A,SOIHOTW12A8C142198,AR91C8S1187B990901,Bruce Springsteen,Brothers Under The Bridges ('83),rock,r&b/soul,hip hop,hip hop
TRCONIY128F932A7DA,SOEFSBZ12A8C1359C4,AR91C8S1187B990901,Bruce Springsteen,The Big Payback,rock,r&b/soul,hip hop,hip hop
TRWULBB128F42670A3,SOFVHKR12A8C1325B4,AR91C8S1187B990901,Bruce Springsteen,The Ties That Bind,rock,r&b/soul,hip hop,hip hop
TROQFYY128F429DBA0,SOBNUTR12A8C140BE8,ARVG4OK1187B9B6BD3,The Killers,Sam's Town,rock,r&b/soul,hip hop,hip hop
TRHFADH128F92E2BE3,SOKCLGX12A67ADD6BF,ARR3ONV1187B9A2F59,Muse,Pink Ego Box,rock,r&b/soul,hip hop,hip hop
TROAQBZ128F9326213,SONYKOW12AB01849C9,AR73S4G1187B9A03C2,OneRepublic,Secrets,rock,hip hop,r&b/soul,hip hop
TRVZCTL128E078F0BE,SOMBDFC12A67FFB370,ARDVZTE1187FB5A0A1,Bon Jovi,Come Back,rock,r&b/soul,hip hop,hip hop
TRAERPT128F931103E,SODLKUO12A8C13CA35,ARFCUN31187B9AD578,The Rolling Stones,Time Is On My Side,rock,r&b/soul,hip hop,hip hop
TRQXTQT128E0781DA7,SOOPTNE12A58A7A9C2,ARFCUN31187B9AD578,The Rolling Stones,Fight (1994 Digital Remaster),rock,hip hop,hip hop,r&b/soul
TRAUYZG12903CDA4E9,SOFZXTF12AB018D64B,ARDVZTE1187FB5A0A1,Bon Jovi,This Ain't A Love Song,rock,r&b/soul,hip hop,hip hop
TRGESLP12903CE31C8,SORXQLX12AB018DCD0,ARDVZTE1187FB5A0A1,Bon Jovi,Superman Tonight,rock,r&b/soul,hip hop,hip hop
TRPAYRK128E0792986,SOINXHP12AF729AF64,ARM7EDF1187B9B3FA1,Guns N' Roses,Bad Obsession,rock,r&b/soul,hip hop,electronic
TRKMXIA128F4299423,SOEOSFP12A8C137912,ARULZ741187B9AD2EF,Elvis Presley,Anything That's Part Of You,rock,r&b/soul,hip hop,r&b/soul
TRTQRHY128F4241AFD,SORQYLM12A8C132BCF,ARCVKG01187B9B3273,Flyleaf,So I Thought,rock,r&b/soul,hip hop,hip hop
TRXIEYZ128E078891B,SOQQWFI12A67020F95,ARN5NHX1187FB4F755,The Smashing Pumpkins,You're All I've Got Tonight,rock,r&b/soul,hip hop,r&b/soul
TRTGMIX128EF35E2B9,SOBEQEO12A6D4F6589,ARVN9FZ1187FB393F1,Snow Patrol,Signal Fire,rock,r&b/soul,r&b/soul,hip hop
TRHPKWO128F92E01D5,SOSRIAT12AB017A92E,ARVN9FZ1187FB393F1,Snow Patrol,The Lightning Strike,rock,r&b/soul,hip hop,hip hop
TRDMUWU128E078EDDB,SOSXSMM12B0B808B45,ARH3S5S1187FB4F76B,Nirvana,Dumb,rock,hip hop,r&b/soul,punk
TRXEAZB128E078EDCE,SOCUARC12A6701E94D,ARH3S5S1187FB4F76B,Nirvana,Something In The Way,rock,hip hop,hip hop,r&b/soul
TRLKNKC128F42BC213,SOBDDMF12A8C142F73,ART3U3E1187B99B1B8,Switchfoot,Oh! Gravity.,rock,pop,reggae,electronic
TRVQBRZ128F423EEDC,SOLTQZY12A8C13262F,AR8V1WA1187B9AD9E9,The White Stripes,Hotel Yorba,rock,r&b/soul,hip hop,hip hop
TRBNXZS12903D0A686,SOECMVP12AB018584E,AR8V1WA1187B9AD9E9,The White Stripes,Prickly Thorn_ But Sweetly Worn (Live),rock,punk,reggae,hip hop
TRGGBKA128F428E461,SOUOWLT12B0B8090EE,AR8V1WA1187B9AD9E9,The White Stripes,St. Andrew (This Battle Is In The Air),rock,hip hop,r&b/soul,hip hop
TRICQHX128F93269FC,SOCBJHG12AB018221C,ARHWR8B1187FB557D3,The Decemberists,I Was Meant For the Stage,rock,r&b/soul,hip hop,hip hop
TRAFWEV128F428D391,SOLUABP12AF72A2CD2,ARQRQRA12131B4B5A8,Cake,Alpha Beta Parking Lot,rock,hip hop,punk,r&b/soul
TRJRIBM128E0788E18,SODMWLI12AF72A4B62,ARN5NHX1187FB4F755,The Smashing Pumpkins,An Ode To No One,rock,r&b/soul,hip hop,hip hop
TRIVTJA128F92C1E80,SOITHUR12D021B2253,AR4EQ231187B99368F,The Fray,Over My Head (Cable Car),rock,hip hop,r&b/soul,hip hop
TRFLRXQ128F4280CCC,SOSUBHV12AF72A4220,ARNBMT71187B993523,Interpol,No I In Threesome,rock,r&b/soul,hip hop,hip hop
TRYBPGK128F4255BE3,SOMZRXL12A81C224B9,ARNBMT71187B993523,Interpol,Pace Is The Trick,rock,r&b/soul,hip hop,r&b/soul
TRGXNCJ128F425FB1C,SOMUPLQ12A8C137A19,ARD4C1I1187FB4B0C3,Pink Floyd,Embryo,rock,hip hop,hip hop,hip hop
TRFNRGN128E0791E0E,SOWIUZN12AF72A8206,AROAILX1187FB3F858,Buckcherry,Borderline,rock,r&b/soul,hip hop,hip hop
TROLTZX128E0791C1A,SOJMWLO12CF5CFD711,ARK9TRQ1187B99C095,Nine Inch Nails,March Of The Pigs,rock,r&b/soul,electronic,hip hop
TRJZZCN128E07938C5,SOCKPDE12A8C142F18,ARK9TRQ1187B99C095,Nine Inch Nails,Burn,rock,r&b/soul,hip hop,r&b/soul
TRCZLLQ128E0792778,SOQQTFV12A6701C5F6,ARK9TRQ1187B99C095,Nine Inch Nails,Something I Can Never Have,rock,r&b/soul,hip hop,r&b/soul
TRUIAKW128F428C787,SOKFHMY12A8C13EB40,AR16GSC1187B9A6291,Eagles,It's Your World Now,rock,r&b/soul,hip hop,hip hop
TRCRHFK128F427FD8F,SOLBZDL12CF5F88BE5,AR5FP401187FB523C9,Bob Dylan,Something There Is About You,rock,r&b/soul,hip hop,hip hop
TRMOUUU128F14ADE16,SOJFEHH12A6BD546BE,ART1UFU1187FB4C9B6,Hawk Nelson,From Underneath,rock,r&b/soul,hip hop,hip hop
TRCURQD128F427C75B,SORFOFF12A8C13B65E,ART1UFU1187FB4C9B6,Hawk Nelson,Turn It On,rock,electronic,hip hop,r&b/soul
TRRKJGZ128F148128F,SOAQCXS12D02191FC1,ART1UFU1187FB4C9B6,Hawk Nelson,Something On My Mind,rock,r&b/soul,hip hop,hip hop
